ID,BARRIO,DISTRITO,ESTADO,LATITUD,LONGITUD,TIPO_VIA,NOM_VIA,NUM_VIA
10046448,PALACIO,CENTRO,OPERATIVO,40.41042569,-3.71556256,CALLE,JERTE,3
10052854,SAN FERMIN,USERA,OPERATIVO,40.37067259,-3.69249411,CALLE,POPULAR MADRILEÑA,11
10081659,VENTAS,CIUDAD LINEAL,FUERA_DE_SERVICIO,40.41878765,-3.65495270,CALLE,FELIX RODRIGUEZ DE LA FUENTE,26
10083506,ENTREVIAS,PUENTE DE VALLECAS,FUERA_DE_SERVICIO,40.38431520,-3.67482758,CALLE,CONCEJO DE TEVERGA,22
10083544,MOSCARDO,USERA,OPERATIVO,40.38613695,-3.71297173,CALLE,MARQUESA DE SILVELA,15
10087194,VALDEACEDERAS,TETUAN,OPERATIVO,40.46845473,-3.70504163,CALLE,PANDO,2
10087195,VALDEACEDERAS,TETUAN,OPERATIVO,40.46851173,-3.70546669,CALLE,PANDO,6
10125439,MOSCARDO,USERA,OPERATIVO,40.38975671,-3.70538963,CALLE,CALESAS,19
10130599,HELLIN,SAN BLAS-CANILLEJAS,OPERATIVO,40.43039786,-3.61784236,CALLE,ALCONERA,22
10133790,PALOMERAS SURESTE,PUENTE DE VALLECAS,OPERATIVO,40.38476273,-3.63439008,AVENIDA,ALBUFERA,306
10133793,PALOMERAS SURESTE,PUENTE DE VALLECAS,OPERATIVO,40.38441595,-3.63329582,AVENIDA,ALBUFERA,306
10140013,MOSCARDO,USERA,OPERATIVO,40.38717034,-3.70701637,CALLE,ANDRES ARTEAGA,26
10140021,PRADOLONGO,USERA,OPERATIVO,40.38437713,-3.70732132,CALLE,FELIPE CASTRO,9
10030549,CASCO HISTORICO DE VALLECAS,VILLA DE VALLECAS,OPERATIVO,40.37540321,-3.61900539,CALLE,MUELA DE SAN JUAN,5
10075664,CASA DE CAMPO,MONCLOA-ARAVACA,OPERATIVO,40.42366200,-3.72725650,CALLE,SAN POL DE MAR,7
10098794,RIOS ROSAS,CHAMBERI,OPERATIVO,40.44559656,-3.69173890,PASEO,CASTELLANA,65
10115756,OPAÑEL,CARABANCHEL,OPERATIVO,40.38700808,-3.72896429,AVENIDA,OPORTO,86
10116446,ENSANCHE DE VALLECAS,VILLA DE VALLECAS,OPERATIVO,40.36136717,-3.60024260,CALLE,EMBALSE DE NAVACERRADA,27
10116451,ENSANCHE DE VALLECAS,VILLA DE VALLECAS,OPERATIVO,40.36056549,-3.60096258,AVENIDA,SALMEDINA,61
10121074,ORCASITAS,USERA,OPERATIVO,40.36856310,-3.71407547,CALLE,VILLABONA,58
10121350,REJAS,SAN BLAS-CANILLEJAS,OPERATIVO,40.44410409,-3.57180159,CALLE,FUENCEMILLAN,53  B
10126247,ARCOS,SAN BLAS-CANILLEJAS,OPERATIVO,40.42476684,-3.61822282,CALLE,ARTIFICES,1
10133797,PALOMERAS SURESTE,PUENTE DE VALLECAS,OPERATIVO,40.38283692,-3.62970263,AVENIDA,ALBUFERA,447
10133798,PALOMERAS SURESTE,PUENTE DE VALLECAS,OPERATIVO,40.38232729,-3.62516103,AVENIDA,DEMOCRACIA,1
10136752,VINATEROS,MORATALAZ,FUERA_DE_SERVICIO,40.40595262,-3.64190637,CALLE,PICO DE LOS ARTILLEROS,116
10161346,BUENAVISTA,CARABANCHEL,OPERATIVO,40.37331106,-3.75600106,CALLE,MADRE CELESTE,1
10161384,BUENAVISTA,CARABANCHEL,OPERATIVO,40.37319990,-3.75636952,CAMINO,CRUCES,5
10178149,ANGELES,VILLAVERDE,OPERATIVO,40.35911551,-3.69697073,AVENIDA,LA VERBENA DE LA PALOMA,12
10179526,ANGELES,VILLAVERDE,OPERATIVO,40.35044732,-3.69745918,CALLE,ALCOCER,24
10179827,CASCO HISTORICO DE VALLECAS,VILLA DE VALLECAS,OPERATIVO,40.36495441,-3.62764181,,,
10189133,VILLAVERDE ALTO - CASCO HISTORICO DE VILLAVERDE,VILLAVERDE,OPERATIVO,40.34172794,-3.70493686,CALLE,LENGUAS,6  E
10191706,BUENAVISTA,CARABANCHEL,OPERATIVO,40.36063280,-3.75424103,AVENIDA,CARABANCHEL ALTO,61
10191748,CUATRO VIENTOS,LATINA,OPERATIVO,40.36113110,-3.77457993,CALLE,PINAR DE SAN JOSE,98
10202920,VALVERDE,FUENCARRAL-EL PARDO,OPERATIVO,40.48362679,-3.68594258,CALLE,SAN MODESTO,2
10203845,PALOS DE LA FRONTERA,ARGANZUELA,OPERATIVO,40.40508876,-3.69143661,CALLE,MURCIA,26
10211192,ESTRELLA,RETIRO,OPERATIVO,40.41790138,-3.66575509,CALLE,JUAN ESPLANDIU,23
10213807,ARAVACA,MONCLOA-ARAVACA,OPERATIVO,40.45150297,-3.79049459,CALLE,ARROYO DE POZUELO,113
10214266,BERRUGUETE,TETUAN,OPERATIVO,40.45937287,-3.70243122,CALLE,HIERBABUENA,3
10214990,FUENTELARREINA,FUENCARRAL-EL PARDO,OPERATIVO,40.48598032,-3.73397476,CALLE,MARIA DE MAEZTU,2
10219693,CASCO HISTORICO DE VALLECAS,VILLA DE VALLECAS,OPERATIVO,40.36565538,-3.62826368,,,
10219694,CASCO HISTORICO DE VALLECAS,VILLA DE VALLECAS,OPERATIVO,40.36340170,-3.62623180,,,
10219696,CASCO HISTORICO DE VALLECAS,VILLA DE VALLECAS,OPERATIVO,40.36319460,-3.62149373,,,
10219697,CASCO HISTORICO DE VALLECAS,VILLA DE VALLECAS,OPERATIVO,40.36525704,-3.62480445,,,
10219917,IMPERIAL,ARGANZUELA,OPERATIVO,40.40792616,-3.72072312,PASEO,VIRGEN DEL PUERTO,51  C
10220204,BUENAVISTA,CARABANCHEL,OPERATIVO,40.36979085,-3.75936257,CAMINO,CRUCES,17
10235483,VALLEHERMOSO,CHAMBERI,OPERATIVO,40.44048123,-3.70707704,PLAZA,TENIENTE DE ALCALDE PEREZ PILLADO,6
10136943,VINATEROS,MORATALAZ,OPERATIVO,40.40871973,-3.64155960,CALLE,PICO DE LOS ARTILLEROS,40
10139972,CAMPAMENTO,LATINA,OPERATIVO,40.39857654,-3.76887814,CALLE,AZOR,6
10140020,PRADOLONGO,USERA,OPERATIVO,40.38523754,-3.70745394,CALLE,ORTIZ CAMPOS,14
10140022,PRADOLONGO,USERA,OPERATIVO,40.38398748,-3.70666582,CALLE,ANTONIA USERA,3
10140023,PRADOLONGO,USERA,FUERA_DE_SERVICIO,40.38319514,-3.70786804,PLAZA,HIDROGENO,3
10151654,SAN CRISTOBAL,VILLAVERDE,OPERATIVO,40.34097355,-3.68575458,CALLE,PATERNA,22
10157561,ORCASITAS,USERA,OPERATIVO,40.37045963,-3.70966219,PLAZA,MEMORIA VINCULANTE,8
10162198,VENTAS,CIUDAD LINEAL,OPERATIVO,40.42758642,-3.65110826,CALLE,MIGUEL DE UNAMUNO,2
10179515,ANGELES,VILLAVERDE,OPERATIVO,40.35033685,-3.69791441,CALLE,ALCOCER,24
10179530,ANGELES,VILLAVERDE,OPERATIVO,40.35052614,-3.69782763,TRAVESIA,ARECHAVALETA,5
10189175,VILLAVERDE ALTO - CASCO HISTORICO DE VILLAVERDE,VILLAVERDE,OPERATIVO,40.34175651,-3.70462910,CALLE,LENGUAS,6  F
10191747,BUENAVISTA,CARABANCHEL,OPERATIVO,40.35999339,-3.75661219,CALLE,MORALES,28
10191749,VISTA ALEGRE,CARABANCHEL,OPERATIVO,40.39000536,-3.74220031,CALLE,LAGUNA,38
10214948,FUENTELARREINA,FUENCARRAL-EL PARDO,OPERATIVO,40.48271892,-3.73698796,CALLE,GABRIELA MISTRAL,16
10217455,PILAR,FUENCARRAL-EL PARDO,OPERATIVO,40.48242807,-3.71290378,PLAZA,ESQUIVIAS,6
10219556,SAN DIEGO,PUENTE DE VALLECAS,OPERATIVO,40.39337017,-3.66962633,AVENIDA,DEL MONTE IGUELDO,71
10219566,PORTAZGO,PUENTE DE VALLECAS,OPERATIVO,40.38880106,-3.64691098,TRAVESIA,PEDRO LABORDE,1
10219695,CASCO HISTORICO DE VALLECAS,VILLA DE VALLECAS,OPERATIVO,40.36380753,-3.62480611,,,
10219847,PORTAZGO,PUENTE DE VALLECAS,OPERATIVO,40.39240251,-3.65243852,CALLE,CARLOS SOLE,32
10219859,PORTAZGO,PUENTE DE VALLECAS,OPERATIVO,40.39171305,-3.65147857,CALLE,CARLOS SOLE,42
10219868,PORTAZGO,PUENTE DE VALLECAS,OPERATIVO,40.39147380,-3.64888698,CALLE,CARLOS SOLE,62
10226455,PEÑAGRANDE,FUENCARRAL-EL PARDO,OPERATIVO,40.47986679,-3.72774349,CALLE,PANADEROS,4
10229205,CASCO HISTORICO DE VICALVARO,VICALVARO,OPERATIVO,40.40773119,-3.61245524,CALLE,CALAHORRA,88
10229211,CASCO HISTORICO DE VICALVARO,VICALVARO,OPERATIVO,40.40740251,-3.61308980,CALLE,CALAHORRA,112
1118924,CASA DE CAMPO,MONCLOA-ARAVACA,OPERATIVO,40.42901050,-3.73263000,CALLE,RIBERA DEL MANZANARES,123
3530207,VALDEFUENTES,HORTALEZA,OPERATIVO,40.49362587,-3.60542308,CALLE,JULIO CANO LASSO,47
1118899,CASCO HISTORICO DE VICALVARO,VICALVARO,OPERATIVO,40.40916335,-3.61022319,CALLE,CALAHORRA,22 B
3530213,VALDEFUENTES,HORTALEZA,OPERATIVO,40.48631369,-3.60534547,CALLE,FERNANDO HIGUERAS,55
3530535,COSTILLARES,CIUDAD LINEAL,OPERATIVO,40.48267430,-3.66199421,CALLE,JAZMIN,49
3530545,HELLIN,SAN BLAS-CANILLEJAS,OPERATIVO,40.43038379,-3.62211839,AVENIDA,ARCENTALES,4
3530650,PEÑAGRANDE,FUENCARRAL-EL PARDO,OPERATIVO,40.47386101,-3.72661785,CALLE,JOAQUIN LORENZO,36
3530621,SAN ISIDRO,CARABANCHEL,OPERATIVO,40.39188807,-3.72824197,CALLE,OROYA,3
3531365,MIRASIERRA,FUENCARRAL-EL PARDO,OPERATIVO,40.49666643,-3.72172440,CALLE,MARIA DE MAEZTU,148
3531367,MIRASIERRA,FUENCARRAL-EL PARDO,OPERATIVO,40.49460774,-3.72311672,CALLE,MARIA DE MAEZTU,120
3531372,MIRASIERRA,FUENCARRAL-EL PARDO,OPERATIVO,40.49333200,-3.72472655,CALLE,SENDA DEL INFANTE,54
3531377,PILAR,FUENCARRAL-EL PARDO,OPERATIVO,40.47324192,-3.70730113,AVENIDA,EL FERROL,35
3558557,VALDEFUENTES,HORTALEZA,OPERATIVO,40.48889931,-3.60628344,CALLE,ESTANISLAO PEREZ PITA,70
3568640,PUERTA DEL ANGEL,LATINA,OPERATIVO,40.41170630,-3.72414484,CALLE,PABLO CASALS,2
3568799,PUEBLO NUEVO,CIUDAD LINEAL,OPERATIVO,40.42908908,-3.63771174,CALLE,LUIS RUIZ,48
3568802,QUINTANA,CIUDAD LINEAL,OPERATIVO,40.43525438,-3.65168876,CALLE,VIRGEN DE LLUC,42
3569053,FUENTE DEL BERRO,SALAMANCA,OPERATIVO,40.42699387,-3.66506558,CALLE,RUFINO BLANCO,27
3570475,NUMANCIA,PUENTE DE VALLECAS,OPERATIVO,40.40243441,-3.65599017,CALLE,MARUJA GARCIA ROMERO,7
3576057,CASTELLANA,SALAMANCA,OPERATIVO,40.43308367,-3.68547693,CALLE,CLAUDIO COELLO,121
3576059,ALMENDRALES,USERA,OPERATIVO,40.38147499,-3.69507431,CALLE,ANTONIO LOPEZ,223
3576086,ENSANCHE DE VALLECAS,VILLA DE VALLECAS,OPERATIVO,40.37825185,-3.61008640,CALLE,RAYO VALLECANO DE MADRID,1
3852403,CASA DE CAMPO,MONCLOA-ARAVACA,OPERATIVO,40.43076706,-3.73376814,PLAZA,CANCILLERIA,6
3852673,RIOS ROSAS,CHAMBERI,OPERATIVO,40.44084623,-3.70117492,CALLE,SANTA ENGRACIA,120 B
4741279,CASCO HISTORICO DE VICALVARO,VICALVARO,OPERATIVO,40.40497013,-3.60610125,CALLE,LAGO VAN,16
4742955,VENTAS,CIUDAD LINEAL,OPERATIVO,40.42952768,-3.65100598,CALLE,SOR MARIA DE AGREDA,2
4784162,VALDEFUENTES,HORTALEZA,OPERATIVO,40.48080508,-3.63561790,CALLE,TORENO,3 B
4784587,MIRASIERRA,FUENCARRAL-EL PARDO,OPERATIVO,40.49116032,-3.72803566,CALLE,FEDERICA MONTSENY,5
4784714,EL VISO,CHAMARTIN,OPERATIVO,40.44171637,-3.67928482,CALLE,DUQUE DE SEVILLA,1
4785335,PUERTA DEL ANGEL,LATINA,OPERATIVO,40.41010013,-3.73904425,PASEO,EXTREMADURA,156
4785336,VALVERDE,FUENCARRAL-EL PARDO,OPERATIVO,40.50229326,-3.67360624,AVENIDA,CAMINO DE SANTIAGO,25
4796175,MARROQUINA,MORATALAZ,OPERATIVO,40.41203395,-3.65043840,AVENIDA,DOCTOR GARCIA TAPIA,92
4796211,EMBAJADORES,CENTRO,OPERATIVO,40.40890777,-3.70102061,PLAZA,LAVAPIES,5
4798068,ROSAS,SAN BLAS-CANILLEJAS,OPERATIVO,40.43596770,-3.60797310,CALLE,LA ILIADA,31
4813505,FUENTELARREINA,FUENCARRAL-EL PARDO,OPERATIVO,40.48731549,-3.73289607,CALLE,MAETZU,1
4813558,IBIZA,RETIRO,OPERATIVO,40.42123450,-3.67221176,CALLE,O'DONNELL,48
4828255,PAVONES,MORATALAZ,OPERATIVO,40.39749296,-3.63801520,CALLE,FUENTE CARRANTONA,4
4939826,GUINDALERA,SALAMANCA,OPERATIVO,40.43777569,-3.67417986,CALLE,PILAR DE ZARAGOZA,91
4940143,LOS ROSALES,VILLAVERDE,OPERATIVO,40.35909136,-3.68925435,AVENIDA,FELICIDAD,22
3530868,SOL,CENTRO,OPERATIVO,40.41574947,-3.70863858,CALLE,CIUDAD RODRIGO,6
3531364,PILAR,FUENCARRAL-EL PARDO,OPERATIVO,40.47285182,-3.70745037,CALLE,RIBADAVIA,45
3531374,VALVERDE,FUENCARRAL-EL PARDO,OPERATIVO,40.50730272,-3.68056474,CARRETERA,FUENCARRAL A HORTALEZA,7
3565789,ADELFAS,RETIRO,OPERATIVO,40.39588928,-3.67222995,CALLE,CERRO NEGRO,12 C
3565880,ARGÜELLES,MONCLOA-ARAVACA,OPERATIVO,40.42601550,-3.71856937,PASEO,PINTOR ROSALES,16
3567461,JUSTICIA,CENTRO,OPERATIVO,40.42606672,-3.69989657,CALLE,BENEFICENCIA,8
3568639,DELICIAS,ARGANZUELA,OPERATIVO,40.39346365,-3.69238758,CALLE,HIERRO,2
3568641,PEÑAGRANDE,FUENCARRAL-EL PARDO,OPERATIVO,40.47976688,-3.71752362,CALLE,FERMIN CABALLERO,84
3568801,SAN JUAN BAUTISTA,CIUDAD LINEAL,OPERATIVO,40.45019953,-3.65713296,PLAZA,VALVANERA,5
3569158,VALDEACEDERAS,TETUAN,OPERATIVO,40.46325307,-3.70328153,CALLE,MARQUES DE VIANA,58
3569414,PACIFICO,RETIRO,OPERATIVO,40.40645666,-3.67078638,PLAZA,CONDE DE CASAL,10
3569415,PILAR,FUENCARRAL-EL PARDO,OPERATIVO,40.47870270,-3.70846174,AVENIDA,MONFORTE DE LEMOS,36
3576061,ROSAS,SAN BLAS-CANILLEJAS,OPERATIVO,40.42729436,-3.60716078,CALLE,CARLOS II,2
3576073,ENSANCHE DE VALLECAS,VILLA DE VALLECAS,OPERATIVO,40.36845669,-3.59154233,CALLE,ALTO DEL RETIRO,13
3576085,ENSANCHE DE VALLECAS,VILLA DE VALLECAS,OPERATIVO,40.36176829,-3.59346035,CALLE,FERNANDO CHUECA GOITIA,31
3576087,PALOMERAS SURESTE,PUENTE DE VALLECAS,FUERA_DE_SERVICIO,40.38425853,-3.64389431,CALLE,EXTREMEÑOS,5
3581346,LOS ROSALES,VILLAVERDE,FUERA_DE_SERVICIO,40.35080376,-3.69231869,CALLE,SANTA PETRONILA,16
3655196,VALVERDE,FUENCARRAL-EL PARDO,OPERATIVO,40.49393596,-3.69426114,CALLE,MATARO,2
4738570,BUENAVISTA,CARABANCHEL,OPERATIVO,40.36443708,-3.76498734,CALLE,TORTA,3
4784163,VALDEBERNARDO,VICALVARO,FUERA_DE_SERVICIO,40.40118738,-3.61805017,CALLE,CORDEL DE PAVONES,14 A
4784586,MIRASIERRA,FUENCARRAL-EL PARDO,OPERATIVO,40.49241632,-3.72655061,CALLE,MENCHU AJAMIL,2
4795658,SOL,CENTRO,OPERATIVO,40.41736955,-3.70686076,CALLE,ARENAL,18
4795801,ORCASITAS,USERA,OPERATIVO,40.37231507,-3.70900922,AVENIDA,POBLADOS,144
4796090,ABRANTES,CARABANCHEL,OPERATIVO,40.38485514,-3.71975101,CALLE,VIANA,1
4796261,VALVERDE,FUENCARRAL-EL PARDO,OPERATIVO,40.50779036,-3.67557508,CALLE,SAN JUAN DE ORTEGA,90
4798069,PINAR DEL REY,HORTALEZA,OPERATIVO,40.46810179,-3.64840042,GLORIETA,FRANCISCO FERNANDEZ ORDOÑEZ,4
4813533,CANILLAS,HORTALEZA,OPERATIVO,40.46417970,-3.62839142,CALLE,EL PROVENCIO,16
4813550,LOS JERONIMOS,RETIRO,OPERATIVO,40.40820807,-3.68255413,CALLE,JUAN VALERA,26
4813553,ESTRELLA,RETIRO,OPERATIVO,40.41122761,-3.66576365,CALLE,ESTRELLA POLAR,13
4940126,APOSTOL SANTIAGO,HORTALEZA,OPERATIVO,40.47236093,-3.66307872,CALLE,JULIO DANVILA,28
4961115,RIOS ROSAS,CHAMBERI,OPERATIVO,40.44626901,-3.69861061,CALLE,PONZANO,100
4963663,VINATEROS,MORATALAZ,OPERATIVO,40.40537813,-3.65053637,CALLE,HACIENDA DE PAVONES,1
4988124,PEÑAGRANDE,FUENCARRAL-EL PARDO,OPERATIVO,40.48337088,-3.71539177,AVENIDA,VENTISQUERO DE LA CONDESA,2
4989817,ARGÜELLES,MONCLOA-ARAVACA,OPERATIVO,40.42828404,-3.71472167,CALLE,PRINCESA,33
4991388,TRAFALGAR,CHAMBERI,OPERATIVO,40.42924294,-3.70178393,GLORIETA,BILBAO,5
4995656,CUATRO CAMINOS,TETUAN,OPERATIVO,40.44918249,-3.69354307,PLAZA,PABLO RUÍZ PICASSO,6
4996359,VALDEZARZA,MONCLOA-ARAVACA,OPERATIVO,40.46895470,-3.71963953,CALLE,VALDERRODRIGO,46
4998043,VALDEFUENTES,HORTALEZA,OPERATIVO,40.49475603,-3.60994381,AVENIDA,SECUNDINO ZUAZO,134
4998045,VALDEFUENTES,HORTALEZA,OPERATIVO,40.50103344,-3.60705310,AVENIDA,FRANCISCO JAVIER SAENZ DE OIZA,15
5007925,VALVERDE,FUENCARRAL-EL PARDO,OPERATIVO,40.50276780,-3.67729861,AVENIDA,PUENTE LA REINA,48
5034853,CORTES,CENTRO,OPERATIVO,40.41448707,-3.70312749,PLAZA,JACINTO BENAVENTE,2
5034922,PEÑAGRANDE,FUENCARRAL-EL PARDO,OPERATIVO,40.48147638,-3.72034012,AVENIDA,CARDENAL HERRERA ORIA,246  B
5069011,ATOCHA,ARGANZUELA,OPERATIVO,40.39739395,-3.67921762,CALLE,ALMEZ,2
5069025,IMPERIAL,ARGANZUELA,OPERATIVO,40.40205623,-3.71436677,CALLE,TOLEDO,178
5069030,ACACIAS,ARGANZUELA,OPERATIVO,40.40091860,-3.69995340,PASEO,JUAN ANTONIO VALLEJO-NAJERA BOTAS,2
5074610,PROSPERIDAD,CHAMARTIN,OPERATIVO,40.44628776,-3.66811472,CALLE,CLARA DEL REY,61
5074625,PRADOLONGO,USERA,OPERATIVO,40.37230993,-3.70426321,CALLE,DOCTOR TOLOSA LATOUR,15
5074629,SAN FERMIN,USERA,OPERATIVO,40.36572363,-3.68899423,CALLE,SILVINA,35
4940161,CHOPERA,ARGANZUELA,OPERATIVO,40.39746174,-3.70033969,CALLE,AGUILON,15
4940265,EL GOLOSO,FUENCARRAL-EL PARDO,OPERATIVO,40.50811519,-3.69807286,CALLE,MONASTERIO DE OSEIRA,3
4963553,PACIFICO,RETIRO,OPERATIVO,40.40311126,-3.67859476,CALLE,LEON GIL DE PALACIO,1
4993815,LEGAZPI,ARGANZUELA,OPERATIVO,40.39323836,-3.67981037,CALLE,EROS,6
4995323,CIUDAD JARDIN,CHAMARTIN,OPERATIVO,40.44577775,-3.67279182,CALLE,MARCENADO,8
4995326,MARROQUINA,MORATALAZ,OPERATIVO,40.41033412,-3.64888198,CALLE,CORREGIDOR JOSE DE PASAMONTE,15
4995334,ENSANCHE DE VALLECAS,VILLA DE VALLECAS,OPERATIVO,40.35881837,-3.58485713,CALLE,ARTE FIGURATIVO,30
4998042,VALDEFUENTES,HORTALEZA,OPERATIVO,40.49303496,-3.61187373,PLAZA,FRANCISCO DE ASIS CABRERO,6
4998044,VALDEFUENTES,HORTALEZA,OPERATIVO,40.49544689,-3.60886214,AVENIDA,SECUNDINO ZUAZO,143
5003379,MEDIA LEGUA,MORATALAZ,FUERA_DE_SERVICIO,40.40950852,-3.65614701,CALLE,ARROYO DE LA MEDIA LEGUA,46
5005855,SAN CRISTOBAL,VILLAVERDE,OPERATIVO,40.34249663,-3.69062299,PLAZA,PINAZO,7
5074661,ORCASUR,USERA,OPERATIVO,40.36594040,-3.70138606,AVENIDA,ORCASUR,53
5104802,ORCASUR,USERA,OPERATIVO,40.36640427,-3.69606478,CALLE,TUYA,3
5106389,LUCERO,LATINA,OPERATIVO,40.40791701,-3.74986037,CALLE,VILLAMANIN,18
5106392,AGUILAS,LATINA,OPERATIVO,40.38230981,-3.76887822,CALLE,ANSELMO LORENZO,17
5106551,AGUILAS,LATINA,OPERATIVO,40.38147262,-3.77943829,AVENIDA,LAS AGUILAS,72
5008250,AGUILAS,LATINA,OPERATIVO,40.37598141,-3.77578169,CALLE,VALLE INCLAN,68 B
5024349,CORTES,CENTRO,OPERATIVO,40.41484108,-3.70049427,PLAZA,PRINCIPE ALFONSO,5
5024768,DELICIAS,ARGANZUELA,OPERATIVO,40.39483117,-3.68244083,CALLE,AMALTEA,6
5024813,HORCAJO,MORATALAZ,OPERATIVO,40.40391761,-3.62903896,CALLE,LUIS DE HOYOS SAINZ,162 B
5034852,JUSTICIA,CENTRO,OPERATIVO,40.42149088,-3.69247011,PASEO,RECOLETOS,17
5034921,CASCO HISTORICO DE BARAJAS,BARAJAS,OPERATIVO,40.47643719,-3.57971088,CALLE,ORION,2
5036311,SOL,CENTRO,OPERATIVO,40.41910908,-3.70325989,CALLE,TRES CRUCES,1
5036554,JUSTICIA,CENTRO,OPERATIVO,40.42203745,-3.69673019,CALLE,AUGUSTO FIGUEROA,41
5036621,UNIVERSIDAD,CENTRO,OPERATIVO,40.42718388,-3.71049412,PLAZA,GUARDIAS DE CORPS,4
5069019,ACACIAS,ARGANZUELA,OPERATIVO,40.40073691,-3.71292659,PASEO,YESERIAS,1
5069765,ALAMEDA DE OSUNA,BARAJAS,OPERATIVO,40.46040785,-3.59177125,CALLE,MANUEL AGUILAR MUÑOZ,1
5069859,ALAMEDA DE OSUNA,BARAJAS,OPERATIVO,40.45583179,-3.59038472,CALLE,CARABELA,21
5074494,CASTILLA,CHAMARTIN,OPERATIVO,40.46826976,-3.68699162,CALLE,AGUSTIN DE FOXA,12
5074608,HISPANOAMERICA,CHAMARTIN,OPERATIVO,40.45475641,-3.67128499,CALLE,VICTOR DE LA SERNA,26
5106617,CORRALEJOS,BARAJAS,OPERATIVO,40.46475871,-3.59130282,CALLE,BANDE,31
5106864,TIMON,BARAJAS,OPERATIVO,40.47038373,-3.59021392,GLORIETA,PLAYA DE SAN LORENZO,4
5108929,EMBAJADORES,CENTRO,OPERATIVO,40.40586001,-3.70553708,RONDA,TOLEDO,9
5109125,EMBAJADORES,CENTRO,OPERATIVO,40.40594537,-3.70573667,RONDA,TOLEDO,7
5110283,JUSTICIA,CENTRO,OPERATIVO,40.42381340,-3.69710358,CALLE,SAN LUCAS,1
5110430,CORTES,CENTRO,OPERATIVO,40.41890576,-3.69485482,CALLE,ALCALA,48
5106805,CORRALEJOS,BARAJAS,OPERATIVO,40.46742065,-3.59327932,CALLE,BAHIA DE SANTA POLA,68
5106820,TIMON,BARAJAS,OPERATIVO,40.46925163,-3.59205165,CALLE,MISTRAL,111
5107502,PALACIO,CENTRO,OPERATIVO,40.42295872,-3.71037940,CALLE,GRAN VIA,69
5107503,CORTES,CENTRO,OPERATIVO,40.41892429,-3.69752166,CALLE,CABALLERO DE GRACIA,40
5108205,FONTARRON,MORATALAZ,OPERATIVO,40.40604276,-3.65557089,AVENIDA,MORATALAZ,54
5110229,CORTES,CENTRO,OPERATIVO,40.41310462,-3.69538481,CALLE,HUERTAS,71
5124693,VALVERDE,FUENCARRAL-EL PARDO,OPERATIVO,40.50125850,-3.69018667,PLAZA,TRES OLIVOS,26
5125347,VALVERDE,FUENCARRAL-EL PARDO,OPERATIVO,40.50188068,-3.68809656,CALLE,ALONSO QUIJANO,45
5125348,VALVERDE,FUENCARRAL-EL PARDO,OPERATIVO,40.50717875,-3.67909420,CALLE,BERDUN,2 D
5125474,CORTES,CENTRO,OPERATIVO,40.41273735,-3.69386532,PLAZA,PLATERIA DE MARTINEZ,3
5125475,EMBAJADORES,CENTRO,OPERATIVO,40.41253960,-3.70760083,CALLE,TOLEDO,40
5154605,VALVERDE,FUENCARRAL-EL PARDO,OPERATIVO,40.49824229,-3.69571837,PASEO,ALAMEDILLAS,6
5154615,VALVERDE,FUENCARRAL-EL PARDO,OPERATIVO,40.50074213,-3.67628481,CALLE,VILLAVA,15
5154625,PEÑAGRANDE,FUENCARRAL-EL PARDO,OPERATIVO,40.47191427,-3.72142620,CALLE,JOAQUIN LORENZO,5 B
5176422,SOL,CENTRO,OPERATIVO,40.41618753,-3.70782269,CALLE,MAYOR,32
5176430,CORTES,CENTRO,OPERATIVO,40.41149562,-3.69484153,CALLE,SAN PEDRO,20
5176479,ENSANCHE DE VALLECAS,VILLA DE VALLECAS,OPERATIVO,40.36356937,-3.60633554,AVENIDA,CERRO MILANO,27
5124718,VALVERDE,FUENCARRAL-EL PARDO,OPERATIVO,40.49548884,-3.69251754,CALLE,BRAILLE,7
5125679,EMBAJADORES,CENTRO,OPERATIVO,40.41233514,-3.70369652,PLAZA,TIRSO DE MOLINA,2
5125682,JUSTICIA,CENTRO,OPERATIVO,40.41980830,-3.69327609,PASEO,RECOLETOS,1
5154582,VALVERDE,FUENCARRAL-EL PARDO,OPERATIVO,40.50828260,-3.66977165,CALLE,CAMINO DE SANTIAGO,50
5176229,PALOMERAS SURESTE,PUENTE DE VALLECAS,OPERATIVO,40.38004697,-3.63710711,CALLE,MAQUINILLA,13
5176482,SANTA EUGENIA,VILLA DE VALLECAS,OPERATIVO,40.38334527,-3.61744775,CAMINO,VASARES,4
5180425,CIUDAD UNIVERSITARIA,MONCLOA-ARAVACA,OPERATIVO,40.45416254,-3.71579009,CALLE,VALLS FERRERA,5
5188213,VALDEMARIN,MONCLOA-ARAVACA,OPERATIVO,40.46997425,-3.77950995,AVENIDA,VALDEMARIN,75 C
5188216,VALDEMARIN,MONCLOA-ARAVACA,OPERATIVO,40.46491327,-3.76391686,CALLE,ARGENTONA,23
5188218,EL PLANTIO,MONCLOA-ARAVACA,OPERATIVO,40.47289659,-3.83082164,AVENIDA,VICTORIA,106
5188852,ADELFAS,RETIRO,OPERATIVO,40.39777136,-3.67365634,CALLE,BARRILERO,2 B
5191204,ESTRELLA,RETIRO,OPERATIVO,40.40886396,-3.66798834,PASAJE,LINCE,1
5191206,NIÑO JESUS,RETIRO,OPERATIVO,40.41605337,-3.67330305,CALLE,DOCE DE OCTUBRE,30
5191218,CANILLEJAS,SAN BLAS-CANILLEJAS,OPERATIVO,40.44408585,-3.61490185,CALLE,NICOLASA GOMEZ,9
5191220,EL SALVADOR,SAN BLAS-CANILLEJAS,OPERATIVO,40.44417339,-3.61636117,CALLE,ALCALA,552
5191221,CANILLEJAS,SAN BLAS-CANILLEJAS,OPERATIVO,40.44689236,-3.60719442,CALLE,GONZALO TORRENTE BALLESTER,2
5191236,ROSAS,SAN BLAS-CANILLEJAS,OPERATIVO,40.44845818,-3.60498515,CALLE,MEQUINENZA,14
5192331,EL SALVADOR,SAN BLAS-CANILLEJAS,OPERATIVO,40.44769618,-3.64589933,CALLE,TELEMACO,2
5192404,ARCOS,SAN BLAS-CANILLEJAS,OPERATIVO,40.42565253,-3.61784436,CALLE,CONSERVEROS,17
5195307,GAZTAMBIDE,CHAMBERI,OPERATIVO,40.43310182,-3.71175307,CALLE,BLASCO DE GARAY,31
5195511,ARAPILES,CHAMBERI,OPERATIVO,40.43395698,-3.70446752,GLORIETA,QUEVEDO,6
5176256,NUMANCIA,PUENTE DE VALLECAS,OPERATIVO,40.39957208,-3.66044619,CALLE,ALTO DEL LEON,2
5176269,PORTAZGO,PUENTE DE VALLECAS,OPERATIVO,40.38660543,-3.64830723,CALLE,PEDRO LABORDE,31
5176279,PUERTA BONITA,CARABANCHEL,OPERATIVO,40.37672540,-3.74078491,CALLE,NUESTRA SEÑORA DE LA ANTIGUA,52 C
5176281,VISTA ALEGRE,CARABANCHEL,OPERATIVO,40.38509295,-3.73977054,PASEO,MARCELINO CAMACHO,6
5176423,PALACIO,CENTRO,OPERATIVO,40.41670432,-3.71081421,PLAZA,SANTIAGO,4
5176425,PALACIO,CENTRO,OPERATIVO,40.41449468,-3.70859630,PLAZA,CONDE DE BARAJAS,6
5176426,PALACIO,CENTRO,FUERA_DE_SERVICIO,40.40820971,-3.71199648,PLAZA,VIRGEN DE LA PALOMA,1
5176428,UNIVERSIDAD,CENTRO,OPERATIVO,40.42966168,-3.71335267,CALLE,SANTA CRUZ DE MARCENADO,31
5176474,JUSTICIA,CENTRO,OPERATIVO,40.42652045,-3.69656414,PLAZA,SANTA BARBARA,10
5176476,PALACIO,CENTRO,OPERATIVO,40.41478818,-3.70961255,PLAZA,CONDE DE MIRANDA,2
5176481,ENSANCHE DE VALLECAS,VILLA DE VALLECAS,OPERATIVO,40.37458469,-3.60934949,AVENIDA,LA GAVIA,13
5176483,ENSANCHE DE VALLECAS,VILLA DE VALLECAS,FUERA_DE_SERVICIO,40.36854455,-3.61656613,AVENIDA,LA GAVIA,66
5176484,ENSANCHE DE VALLECAS,VILLA DE VALLECAS,OPERATIVO,40.37059162,-3.62650465,AVENIDA,MAYORAZGO,1
5181104,CIUDAD UNIVERSITARIA,MONCLOA-ARAVACA,OPERATIVO,40.43938819,-3.71797834,PLAZA,CRISTO REY,6
5181105,CASA DE CAMPO,MONCLOA-ARAVACA,OPERATIVO,40.42274379,-3.71963992,PASEO,REY,26
5188209,CASA DE CAMPO,MONCLOA-ARAVACA,OPERATIVO,40.42533422,-3.72297972,PASEO,REY,34
5188221,ARAVACA,MONCLOA-ARAVACA,OPERATIVO,40.44519038,-3.78853761,AVENIDA,EUROPA,36
5191205,PACIFICO,RETIRO,OPERATIVO,40.40725625,-3.67808601,AVENIDA,MEDITERRANEO,2
5192389,REJAS,SAN BLAS-CANILLEJAS,OPERATIVO,40.44497493,-3.56869302,AVENIDA,FERMINA SEVILLANO,21 B
5192403,AMPOSTA,SAN BLAS-CANILLEJAS,OPERATIVO,40.42834171,-3.62152875,CALLE,ALBERIQUE,10 G
5195509,TRAFALGAR,CHAMBERI,OPERATIVO,40.42997097,-3.70554107,GLORIETA,RUIZ JIMENEZ,4
5195524,TRAFALGAR,CHAMBERI,OPERATIVO,40.43468336,-3.69877082,GLORIETA,PINTOR SOROLLA,1
5195826,ALMAGRO,CHAMBERI,OPERATIVO,40.43268611,-3.69130044,GLORIETA,RUBEN DARIO,5
5195834,RIOS ROSAS,CHAMBERI,OPERATIVO,40.43932797,-3.69452254,CALLE,BRETON DE LOS HERREROS,46
5202139,EMBAJADORES,CENTRO,OPERATIVO,40.40891329,-3.69444867,CALLE,DOCTOR MATA,2
5205390,SIMANCAS,SAN BLAS-CANILLEJAS,OPERATIVO,40.43432942,-3.62289528,CALLE,EMILIO MUÑOZ,57
5196347,VALLEHERMOSO,CHAMBERI,OPERATIVO,40.44655098,-3.70404807,GLORIETA,CUATRO CAMINOS,1
5202129,CORTES,CENTRO,OPERATIVO,40.41226168,-3.69866613,CALLE,ATOCHA,73
5202135,EMBAJADORES,CENTRO,OPERATIVO,40.41062894,-3.69811923,CALLE,SANTA ISABEL,34
5202144,EMBAJADORES,CENTRO,OPERATIVO,40.40849321,-3.69334995,CALLE,DOCTOR DRUMEN,7
5205476,EMBAJADORES,CENTRO,OPERATIVO,40.40804133,-3.70288268,PLAZA,LA CORRALA,1
5205481,JUSTICIA,CENTRO,OPERATIVO,40.42010111,-3.69579303,PLAZA,REY,1 B
5205482,VENTAS,CIUDAD LINEAL,OPERATIVO,40.42137673,-3.65471175,CALLE,POETA BLAS DE OTERO,11
5205488,COSTILLARES,CIUDAD LINEAL,OPERATIVO,40.47495187,-3.67251927,CALLE,SERRANO GALVACHE,40
5205489,SAN PASCUAL,CIUDAD LINEAL,CERRADA_TEMPORALMENTE,40.44299771,-3.64848989,CALLE,JUAN PEREZ ZUÑIGA,31
5209649,GOYA,SALAMANCA,OPERATIVO,40.42655415,-3.67005647,CALLE,TOMAS LOPEZ,7
5209650,FUENTE DEL BERRO,SALAMANCA,OPERATIVO,40.42793508,-3.66812052,PLAZA,MANUEL BECERRA,15 B
5209652,LISTA,SALAMANCA,OPERATIVO,40.43620084,-3.67639782,CALLE,FRANCISCO SILVELA,73
5211482,VALDEFUENTES,HORTALEZA,OPERATIVO,40.48741788,-3.64615067,AVENIDA,NICETO ALCALA ZAMORA,33
5211484,PINAR DEL REY,HORTALEZA,OPERATIVO,40.47350402,-3.63725535,CALLE,MANIZALES,15
5211485,PINAR DEL REY,HORTALEZA,OPERATIVO,40.47172733,-3.64718367,CALLE,VALDETORRES DE JARAMA,2
5211506,APOSTOL SANTIAGO,HORTALEZA,OPERATIVO,40.47715863,-3.65944580,CALLE,SOMONTIN,96
5205477,EMBAJADORES,CENTRO,OPERATIVO,40.40624496,-3.70852981,PLAZA,CAMPILLO DEL MUNDO NUEVO,3 B
5205478,PALACIO,CENTRO,OPERATIVO,40.40972968,-3.71327357,CALLE,CALATRAVA,37
5205479,PALACIO,CENTRO,OPERATIVO,40.41081576,-3.71418631,PLAZA,SAN FRANCISCO,5
5205480,PALACIO,CENTRO,OPERATIVO,40.41960353,-3.71991092,PASEO,VIRGEN DEL PUERTO,1
5205483,VENTAS,CIUDAD LINEAL,OPERATIVO,40.42172112,-3.65709811,AVENIDA,MARQUES DE CORBERA,2
5205485,VENTAS,CIUDAD LINEAL,OPERATIVO,40.42672099,-3.65921286,CALLE,SAN EMILIO,39
5211515,PIOVERA,HORTALEZA,OPERATIVO,40.45527291,-3.65086744,CALLE,ANGEL CAVERO,1
5212100,CUATRO CAMINOS,TETUAN,OPERATIVO,40.44726576,-3.70360211,GLORIETA,CUATRO CAMINOS,7
5212696,LOS CARMENES,LATINA,OPERATIVO,40.40059270,-3.73526400,AVENIDA,ANGEL SANZ BRIZ,4
5212747,BELLAS VISTAS,TETUAN,OPERATIVO,40.45152877,-3.70640084,CALLE,TENERIFE,29
5212748,ALMENARA,TETUAN,OPERATIVO,40.47329247,-3.69010078,CALLE,LUIS ESTEBAN,27
5205486,PUEBLO NUEVO,CIUDAD LINEAL,OPERATIVO,40.42402806,-3.64007605,CALLE,ARRIAGA,73
5205487,PUEBLO NUEVO,CIUDAD LINEAL,OPERATIVO,40.43232991,-3.63679423,CALLE,JOSE ARCONES GIL,58
5209645,GUINDALERA,SALAMANCA,OPERATIVO,40.43044053,-3.67041783,CALLE,FRANCISCO SILVELA,12
5209646,GUINDALERA,SALAMANCA,OPERATIVO,40.43666745,-3.66157176,CALLE,BRESCIA,21
5209651,GUINDALERA,SALAMANCA,OPERATIVO,40.43461848,-3.67424230,CALLE,FRANCISCO SILVELA,52 B
5211266,GUINDALERA,SALAMANCA,OPERATIVO,40.43908678,-3.66606693,CALLE,LA POVEDA,1
5211481,GUINDALERA,SALAMANCA,OPERATIVO,40.44297569,-3.66159764,AVENIDA,BAVIERA,20
5211483,VALDEFUENTES,HORTALEZA,OPERATIVO,40.47648766,-3.62978606,CALLE,MARIA MOLINER,6
5212756,BELLAS VISTAS,TETUAN,OPERATIVO,40.45675389,-3.70875668,CALLE,FRANCOS RODRIGUEZ,51
5212760,BELLAS VISTAS,TETUAN,OPERATIVO,40.45741067,-3.71038078,CALLE,FRANCOS RODRIGUEZ,67
5214439,PIOVERA,HORTALEZA,OPERATIVO,40.44928460,-3.63804034,AVENIDA,CARONDELET,37
5214770,VILLAVERDE ALTO - CASCO HISTORICO DE VILLAVERDE,VILLAVERDE,OPERATIVO,40.34782978,-3.71616179,PASEO,FERROVIARIOS,2
5216568,VALDEACEDERAS,TETUAN,OPERATIVO,40.46866300,-3.71101076,CALLE,CAPITAN BLANCO ARGIBAY,3
5219893,ARAPILES,CHAMBERI,OPERATIVO,40.43351051,-3.71114619,CALLE,GALILEO,35
5220270,PRADOLONGO,USERA,OPERATIVO,40.37535404,-3.71172038,AVENIDA,RAFAELA YBARRA,85
5220279,PRADOLONGO,USERA,OPERATIVO,40.37639105,-3.70683332,CALLE,CRISTO DE LA VICTORIA,225
5216163,CASCO HISTORICO DE VICALVARO,VICALVARO,OPERATIVO,40.40826886,-3.61508112,CALLE,CASALARREINA,32
5216216,CASCO HISTORICO DE VICALVARO,VICALVARO,FUERA_DE_SERVICIO,40.40368522,-3.60134497,CALLE,SAN CIPRIANO,70
5216235,VALDERRIVAS,VICALVARO,FUERA_DE_SERVICIO,40.39379669,-3.60634123,CALLE,MINERVA,157
5219912,ARAPILES,CHAMBERI,OPERATIVO,40.43341171,-3.71053998,CALLE,GALILEO,35
5220275,PRADOLONGO,USERA,OPERATIVO,40.37750160,-3.70862926,CALLE,CRISTO DE LA VICTORIA,245
5220281,PRADOLONGO,USERA,OPERATIVO,40.37764026,-3.70507043,CALLE,CRISTO DE LA VICTORIA,199
5229175,PALOMERAS SURESTE,PUENTE DE VALLECAS,OPERATIVO,40.38337391,-3.64501275,AVENIDA,RAFAEL ALBERTI,51
5229238,PALOMERAS SURESTE,PUENTE DE VALLECAS,FUERA_DE_SERVICIO,40.38415422,-3.64528197,CALLE,CAMPO DE LA PALOMA,22
5229300,PALOMERAS SURESTE,PUENTE DE VALLECAS,OPERATIVO,40.38459857,-3.64498756,CALLE,GERARDO DIEGO,15
5232822,BUTARQUE,VILLAVERDE,FUERA_DE_SERVICIO,40.35296171,-3.67806894,AVENIDA,LOS ROSALES,123
5220283,PRADOLONGO,USERA,OPERATIVO,40.37611857,-3.70290392,CALLE,DOCTOR TOLOSA LATOUR,14 B
5220287,PRADOLONGO,USERA,OPERATIVO,40.37299763,-3.70754999,AVENIDA,POBLADOS,167
5228637,PALOMERAS SURESTE,PUENTE DE VALLECAS,OPERATIVO,40.38361395,-3.64361567,AVENIDA,RAFAEL ALBERTI,38
5231482,ENSANCHE DE VALLECAS,VILLA DE VALLECAS,OPERATIVO,40.36270407,-3.59963340,CALLE,CAÑADA DEL SANTISIMO,45
5232821,ANGELES,VILLAVERDE,OPERATIVO,40.35938395,-3.70065260,CALLE,EL LUCERO DEL ALBA,4
5237487,ALAMEDA DE OSUNA,BARAJAS,OPERATIVO,40.46394787,-3.58602426,AVENIDA,LOGROÑO,74
5241774,LOS ROSALES,VILLAVERDE,OPERATIVO,40.35554384,-3.68619136,CALLE,AUGUSTOBRIGA,13
5242892,PUERTA DEL ANGEL,LATINA,OPERATIVO,40.40716583,-3.73737969,PLAZA,PATRIARCA EIJO Y GARAY,2
5249643,ALMENARA,TETUAN,OPERATIVO,40.47229390,-3.69742760,CALLE,PADRE RUBIO,84
5270041,CANILLAS,HORTALEZA,OPERATIVO,40.46271390,-3.62662266,CALLE,SILVANO,157
5270342,ROSAS,SAN BLAS-CANILLEJAS,OPERATIVO,40.43779673,-3.60335119,AVENIDA,LUIS ARAGONES,2
5272336,ACACIAS,ARGANZUELA,OPERATIVO,40.40371560,-3.71116639,PASEO,OLMOS,24
529386,PINAR DEL REY,HORTALEZA,OPERATIVO,40.46361452,-3.66020048,CALLE,DUQUESA DE CASTREJON,17
529389,CUATRO CAMINOS,TETUAN,OPERATIVO,40.45278993,-3.69886232,AVENIDA,GENERAL PERON,4
529393,VALDEACEDERAS,TETUAN,OPERATIVO,40.46962616,-3.70600889,PASEO,DIRECCION,277
529398,JUSTICIA,CENTRO,OPERATIVO,40.42511498,-3.69375182,PLAZA,VILLA DE PARIS,1 D
529399,UNIVERSIDAD,CENTRO,OPERATIVO,40.42694659,-3.70440444,CALLE,DOS DE MAYO,1
529400,EMBAJADORES,CENTRO,OPERATIVO,40.40884834,-3.71025712,CALLE,ARGANZUELA,1
529401,VALDEACEDERAS,TETUAN,OPERATIVO,40.46427887,-3.70044867,CALLE,FRAY JUNIPERO SERRA,27
529402,VALDEACEDERAS,TETUAN,OPERATIVO,40.46657700,-3.71003414,CALLE,VILLAAMIL,90
529406,ALMENARA,TETUAN,OPERATIVO,40.47075065,-3.69326852,CALLE,GENERAL PINTOS,22 B
529408,PALACIO,CENTRO,OPERATIVO,40.41498840,-3.72045880,PASEO,VIRGEN DEL PUERTO,3 B
529409,EMBAJADORES,CENTRO,OPERATIVO,40.40629851,-3.70522986,CALLE,CASINO,3
529410,VALDEACEDERAS,TETUAN,OPERATIVO,40.47054357,-3.70928289,CALLE,SINESIO DELGADO,23
529411,VALDEACEDERAS,TETUAN,OPERATIVO,40.46591866,-3.69912202,CALLE,SIERRA BULLONES,5
529412,UNIVERSIDAD,CENTRO,OPERATIVO,40.42564568,-3.71201690,PLAZA,CRISTINO MARTOS,2
529418,PALACIO,CENTRO,OPERATIVO,40.41811837,-3.70914163,PLAZA,ISABEL II,8
529419,BERRUGUETE,TETUAN,OPERATIVO,40.45854758,-3.70775650,CALLE,ALONSO NUÑEZ,7
529421,JUSTICIA,CENTRO,OPERATIVO,40.42542205,-3.69231794,CALLE,ORELLANA,27
529422,BERRUGUETE,TETUAN,OPERATIVO,40.45947957,-3.70507601,CALLE,BERRUGUETE,63
529426,PALACIO,CENTRO,OPERATIVO,40.41534058,-3.71812588,PASEO,VIRGEN DEL PUERTO,4
529428,ALMENARA,TETUAN,OPERATIVO,40.47360609,-3.69319962,CALLE,VIA LIMITE,65
529429,VALDEACEDERAS,TETUAN,OPERATIVO,40.47086022,-3.71045977,CALLE,SINESIO DELGADO,23
529431,BERRUGUETE,TETUAN,OPERATIVO,40.45898360,-3.70328712,CALLE,MARTINEZ,15
529432,JUSTICIA,CENTRO,OPERATIVO,40.42424657,-3.69460257,PLAZA,SALESAS,1 B
529433,BELLAS VISTAS,TETUAN,OPERATIVO,40.45330293,-3.70978157,CALLE,MARIA PEDRAZA,18
529436,PALACIO,CENTRO,OPERATIVO,40.41477558,-3.71892773,CALLE,SEGOVIA,30
529437,CORTES,CENTRO,OPERATIVO,40.41272441,-3.69319788,PASEO,PRADO,22
529439,BERRUGUETE,TETUAN,OPERATIVO,40.45795236,-3.70129602,CALLE,BRAVO MURILLO,239
529440,VALDEACEDERAS,TETUAN,OPERATIVO,40.46664088,-3.69863463,CALLE,SIERRA BULLONES,25
529444,VALDEACEDERAS,TETUAN,OPERATIVO,40.46755248,-3.70344922,CALLE,ANTONIO LANZUELA,41
529445,VALDEACEDERAS,TETUAN,OPERATIVO,40.46612967,-3.70146800,CALLE,CAPITAN BLANCO ARGIBAY,63
529451,UNIVERSIDAD,CENTRO,OPERATIVO,40.42414221,-3.70181262,PLAZA,SAN ILDEFONSO,7
529452,PALACIO,CENTRO,OPERATIVO,40.40983788,-3.71534480,CALLE,ROSARIO,23
529456,VALDEACEDERAS,TETUAN,OPERATIVO,40.46993517,-3.70976092,CALLE,CAPITAN BLANCO ARGIBAY,210
529459,CUATRO CAMINOS,TETUAN,OPERATIVO,40.45286708,-3.69814723,AVENIDA,GENERAL PERON,9 B
529460,PALACIO,CENTRO,OPERATIVO,40.41266509,-3.71488013,CALLE,MORERIA,14
529463,BERRUGUETE,TETUAN,OPERATIVO,40.45954107,-3.70430855,CALLE,JUAN DEL RISCO,50
529464,ALMENARA,TETUAN,OPERATIVO,40.46565340,-3.69555882,CALLE,PINOS ALTA,11
529465,VALDEACEDERAS,TETUAN,OPERATIVO,40.46902078,-3.70353482,CALLE,CANTUESO,93 A
529467,CUATRO CAMINOS,TETUAN,OPERATIVO,40.45458368,-3.70268257,CALLE,BRAVO MURILLO,188
529470,VALDEACEDERAS,TETUAN,OPERATIVO,40.46319073,-3.69690016,CALLE,BRAVO MURILLO,315
529474,VALDEACEDERAS,TETUAN,OPERATIVO,40.46444229,-3.69554914,CALLE,BRAVO MURILLO,335
529475,CASTILLEJOS,TETUAN,OPERATIVO,40.45862887,-3.70031217,CALLE,BRAVO MURILLO,234
529478,CUATRO CAMINOS,TETUAN,OPERATIVO,40.44828044,-3.70225430,CALLE,HERNANI,18
529481,ALMAGRO,CHAMBERI,OPERATIVO,40.43422621,-3.68876285,PASEO,CASTELLANA,37
529482,ALMAGRO,CHAMBERI,OPERATIVO,40.42746551,-3.69004225,PASEO,CASTELLANA,11
529483,GAZTAMBIDE,CHAMBERI,OPERATIVO,40.43765083,-3.71474544,CALLE,JOAQUIN MARIA LOPEZ,48 A
529486,ARAPILES,CHAMBERI,OPERATIVO,40.43029975,-3.70731911,PLAZA,CONDE DEL VALLE DE SUCHIL,2
529488,ESTRELLA,RETIRO,OPERATIVO,40.41473581,-3.66423190,CALLE,PEZ VOLADOR,32
529489,ALMAGRO,CHAMBERI,FUERA_DE_SERVICIO,40.43285803,-3.69730387,PLAZA,CHAMBERI,3
529493,CASA DE CAMPO,MONCLOA-ARAVACA,OPERATIVO,40.43253096,-3.72537057,PASEO,PINTOR ROSALES,82
529494,PALOS DE LA FRONTERA,ARGANZUELA,OPERATIVO,40.40205967,-3.69352788,PLAZA,LUCA DE TENA,4
529495,ACACIAS,ARGANZUELA,OPERATIVO,40.40104982,-3.70264899,PLAZA,PEÑUELAS,3
529496,IMPERIAL,ARGANZUELA,OPERATIVO,40.40461039,-3.71261344,CALLE,TOLEDO,134 B
529499,RIOS ROSAS,CHAMBERI,OPERATIVO,40.44107153,-3.69423048,PLAZA,SAN JUAN DE LA CRUZ,3 C
529502,DELICIAS,ARGANZUELA,OPERATIVO,40.39920720,-3.68465667,CALLE,MENDEZ ALVARO,40
529505,ACACIAS,ARGANZUELA,OPERATIVO,40.39935847,-3.70765536,CALLE,ARGANDA,10 B
529506,CHOPERA,ARGANZUELA,OPERATIVO,40.39427078,-3.69682509,CALLE,BENITO VALDERAS,2
529508,DELICIAS,ARGANZUELA,OPERATIVO,40.39899790,-3.68739477,CALLE,JUAN DE MARIANA,8 D
529512,LEGAZPI,ARGANZUELA,OPERATIVO,40.38607500,-3.68469086,CALLE,PUERTO DE LA CRUZ VERDE,23
529513,ESTRELLA,RETIRO,OPERATIVO,40.41875640,-3.66494862,CALLE,JUAN ESPLANDIU,11 B
529514,LEGAZPI,ARGANZUELA,OPERATIVO,40.38768963,-3.68462580,CALLE,PUERTO DE BEJAR,28
529515,ACACIAS,ARGANZUELA,OPERATIVO,40.40178818,-3.70450386,CALLE,MORATINES,27
529516,ESTRELLA,RETIRO,OPERATIVO,40.41707844,-3.66138715,CALLE,JUAN ESPLANDIU,8
529518,ACACIAS,ARGANZUELA,OPERATIVO,40.40616387,-3.71188948,CALLE,TOLEDO,127
529521,ALMAGRO,CHAMBERI,OPERATIVO,40.42877341,-3.68969887,PASEO,CASTELLANA,19
529525,LEGAZPI,ARGANZUELA,OPERATIVO,40.39270970,-3.68338854,AVENIDA,PLANETARIO,14
529526,LEGAZPI,ARGANZUELA,OPERATIVO,40.39222327,-3.68572143,AVENIDA,PLANETARIO,16
529528,VALLEHERMOSO,CHAMBERI,OPERATIVO,40.44060719,-3.70708100,PLAZA,TENIENTE DE ALCALDE PEREZ PILLADO,6
529530,ACACIAS,ARGANZUELA,OPERATIVO,40.39939846,-3.71071182,PASEO,YESERIAS,17
529531,PALOS DE LA FRONTERA,ARGANZUELA,OPERATIVO,40.40220060,-3.69503808,CALLE,CANARIAS,28
529535,ADELFAS,RETIRO,OPERATIVO,40.40289565,-3.66801127,CALLE,NUEVO BAZTAN,6
529536,ACACIAS,ARGANZUELA,OPERATIVO,40.40542155,-3.70902628,CALLE,CONCEJAL BENITO MARTIN LOZANO,9
529540,ACACIAS,ARGANZUELA,OPERATIVO,40.40000028,-3.70516327,CALLE,ARGANDA,40
529542,ATOCHA,ARGANZUELA,OPERATIVO,40.39665294,-3.67865211,CALLE,TEJO,9
529543,TRAFALGAR,CHAMBERI,OPERATIVO,40.43691085,-3.70091182,CALLE,GARCIA DE PAREDES,21
529544,TRAFALGAR,CHAMBERI,OPERATIVO,40.43312742,-3.70137923,PLAZA,OLAVIDE,7
529547,ACACIAS,ARGANZUELA,OPERATIVO,40.40107439,-3.70528679,PASEO,JUAN ANTONIO VALLEJO-NAJERA BOTAS,15
529549,LEGAZPI,ARGANZUELA,OPERATIVO,40.38736764,-3.68344084,CALLE,PUERTO DE BEJAR,11
529551,NIÑO JESUS,RETIRO,OPERATIVO,40.40765133,-3.67432266,CALLE,JUAN DE URBIETA,52
529552,PACIFICO,RETIRO,OPERATIVO,40.40098262,-3.67860602,CALLE,TELLEZ,31
529555,ESTRELLA,RETIRO,OPERATIVO,40.41879698,-3.66699035,CALLE,SALIENTE,12
529556,NIÑO JESUS,RETIRO,OPERATIVO,40.41214991,-3.67571119,CALLE,ANUNCIACION,8
529558,PACIFICO,RETIRO,FUERA_DE_SERVICIO,40.40612626,-3.68602408,PASEO,INFANTA ISABEL,4
529560,ADELFAS,RETIRO,OPERATIVO,40.40595074,-3.66702805,CALLE,FEDERICO MORENO TORROBA,3
529562,IBIZA,RETIRO,OPERATIVO,40.41825245,-3.67646780,CALLE,IBIZA,18
529563,IBIZA,RETIRO,OPERATIVO,40.41804802,-3.67158810,CALLE,IBIZA,58
529564,NIÑO JESUS,RETIRO,OPERATIVO,40.41652443,-3.66961089,CALLE,ALCALDE SAINZ DE BARANDA,66
529567,IBIZA,RETIRO,OPERATIVO,40.41690134,-3.67627275,CALLE,ALCALDE SAINZ DE BARANDA,18
529569,GUINDALERA,SALAMANCA,OPERATIVO,40.43724736,-3.66050156,AVENIDA,BRASILIA,2
529572,GUINDALERA,SALAMANCA,OPERATIVO,40.43948433,-3.66011749,AVENIDA,BRASILIA,4
529573,LISTA,SALAMANCA,OPERATIVO,40.43332920,-3.67867503,CALLE,PRINCIPE DE VERGARA,68 B
529574,GUINDALERA,SALAMANCA,OPERATIVO,40.44012579,-3.66030358,AVENIDA,BRASILIA,4
529577,GUINDALERA,SALAMANCA,FUERA_DE_SERVICIO,40.43047161,-3.66800580,CALLE,DOCTOR GOMEZ ULLA,11 B
529578,LOS JERONIMOS,RETIRO,OPERATIVO,40.41253903,-3.69166339,PLAZA,MURILLO,2
529581,FUENTE DEL BERRO,SALAMANCA,OPERATIVO,40.42390896,-3.66722828,CALLE,LOS PEÑASCALES,7
529585,CIUDAD JARDIN,CHAMARTIN,OPERATIVO,40.44898737,-3.67263927,CALLE,PRADILLO,23
529586,CIUDAD JARDIN,CHAMARTIN,OPERATIVO,40.45015442,-3.67554015,CALLE,MARCENADO,51
529588,GOYA,SALAMANCA,OPERATIVO,40.42423207,-3.67329677,CALLE,ANTONIA MERCE,5 B
529590,HISPANOAMERICA,CHAMARTIN,OPERATIVO,40.45822191,-3.66890526,CALLE,COLOMBIA,59
529591,NUEVA ESPAÑA,CHAMARTIN,OPERATIVO,40.46123662,-3.68953535,PASEO,CASTELLANA,180
529597,EL VISO,CHAMARTIN,OPERATIVO,40.44273140,-3.68073960,CALLE,DUQUE DE SEVILLA,15
529599,CIUDAD JARDIN,CHAMARTIN,OPERATIVO,40.44835608,-3.67573133,CALLE,PRADILLO,6
529601,CIUDAD JARDIN,CHAMARTIN,OPERATIVO,40.44743792,-3.67158469,CALLE,NIEREMBERG,8
529602,PROSPERIDAD,CHAMARTIN,OPERATIVO,40.44382679,-3.66489448,CALLE,SANTA HORTENSIA,34
529607,HISPANOAMERICA,CHAMARTIN,OPERATIVO,40.45671670,-3.67938907,CALLE,POTOSI,6
529609,NUEVA ESPAÑA,CHAMARTIN,OPERATIVO,40.46355325,-3.67066624,CALLE,DRACENA,23
529611,CIUDAD JARDIN,CHAMARTIN,OPERATIVO,40.44585925,-3.67620507,CALLE,VINAROZ,15
529612,EL VISO,CHAMARTIN,OPERATIVO,40.44991122,-3.69063649,PASEO,CASTELLANA,128
529617,NUEVA ESPAÑA,CHAMARTIN,OPERATIVO,40.45914726,-3.67419159,CALLE,PUERTO RICO,54
529619,NUEVA ESPAÑA,CHAMARTIN,OPERATIVO,40.46180569,-3.67568115,CALLE,MADRE DE DIOS,2 B
529622,CASTILLA,CHAMARTIN,OPERATIVO,40.47909069,-3.67489286,AVENIDA,BURGOS,30
529627,NUEVA ESPAÑA,CHAMARTIN,OPERATIVO,40.46557482,-3.67561586,AVENIDA,PIO XII,51
529630,VALVERDE,FUENCARRAL-EL PARDO,OPERATIVO,40.51245509,-3.66771448,CALLE,PORTOMARIN,21
529632,CASTELLANA,SALAMANCA,OPERATIVO,40.42999814,-3.68905830,PASEO,CASTELLANA,22
529633,CASTILLA,CHAMARTIN,OPERATIVO,40.47771458,-3.68514864,CALLE,CONDE DE TORRALBA,7
529637,NUEVA ESPAÑA,CHAMARTIN,OPERATIVO,40.46323981,-3.66864418,CALLE,ARQUITECTO GAUDI,9
529641,PEÑAGRANDE,FUENCARRAL-EL PARDO,OPERATIVO,40.48446635,-3.73436809,CALLE,ROSALIA DE CASTRO,69
529643,GUINDALERA,SALAMANCA,OPERATIVO,40.43262517,-3.66187452,AVENIDA,TOREROS,79
529645,LISTA,SALAMANCA,OPERATIVO,40.43444744,-3.67757847,CALLE,DIEGO DE LEON,56
529646,NUEVA ESPAÑA,CHAMARTIN,OPERATIVO,40.45998141,-3.66917833,AVENIDA,ALFONSO XIII,136
529648,NUEVA ESPAÑA,CHAMARTIN,OPERATIVO,40.46055664,-3.67614253,AVENIDA,ALFONSO XIII,180
529649,GUINDALERA,SALAMANCA,OPERATIVO,40.43420410,-3.67059622,CALLE,ERASO,21
529652,EL GOLOSO,FUENCARRAL-EL PARDO,OPERATIVO,40.50564364,-3.71016181,AVENIDA,MONASTERIO DE EL ESCORIAL,3
529657,EL GOLOSO,FUENCARRAL-EL PARDO,OPERATIVO,40.50879610,-3.70322746,AVENIDA,MONTECARMELO,10
529660,FUENTELARREINA,FUENCARRAL-EL PARDO,OPERATIVO,40.48143569,-3.73723491,CALLE,GABRIELA MISTRAL,12
529661,VALVERDE,FUENCARRAL-EL PARDO,OPERATIVO,40.50314035,-3.66139760,CALLE,PALAS DE REY,4
529663,VALVERDE,FUENCARRAL-EL PARDO,OPERATIVO,40.50861580,-3.66392399,CALLE,SIERRA DE ATAPUERCA,49
529664,MIRASIERRA,FUENCARRAL-EL PARDO,OPERATIVO,40.49682394,-3.71931972,CALLE,LEONOR LOPEZ DE CORDOBA,2
529665,EL PARDO,FUENCARRAL-EL PARDO,OPERATIVO,40.51772343,-3.77383561,AVENIDA,PALACIO,2
529666,PEÑAGRANDE,FUENCARRAL-EL PARDO,OPERATIVO,40.47994798,-3.73642672,CALLE,LEOPOLDO ALAS CLARIN,2
529668,PEÑAGRANDE,FUENCARRAL-EL PARDO,OPERATIVO,40.48370703,-3.73116464,CALLE,ROSALIA DE CASTRO,77
529669,PEÑAGRANDE,FUENCARRAL-EL PARDO,OPERATIVO,40.48201895,-3.73190231,CALLE,ALFONSO RODRIGUEZ CASTELAO,21
529671,PEÑAGRANDE,FUENCARRAL-EL PARDO,OPERATIVO,40.48344555,-3.72808879,CALLE,RAMON GOMEZ DE LA SERNA,95
529675,PEÑAGRANDE,FUENCARRAL-EL PARDO,OPERATIVO,40.48115607,-3.71776884,CALLE,ISLAS CIES,5
529676,LA PAZ,FUENCARRAL-EL PARDO,OPERATIVO,40.48094580,-3.69568470,CALLE,ARZOBISPO MORCILLO,16
529678,LA PAZ,FUENCARRAL-EL PARDO,OPERATIVO,40.48098266,-3.69858576,CALLE,ARZOBISPO MORCILLO,15
529679,PEÑAGRANDE,FUENCARRAL-EL PARDO,OPERATIVO,40.48062497,-3.71969828,CALLE,ISLA DE TAVIRA,38
529680,PEÑAGRANDE,FUENCARRAL-EL PARDO,OPERATIVO,40.48209332,-3.71524911,PLAZA,LA CAROLINA,9
5241775,LOS ROSALES,VILLAVERDE,OPERATIVO,40.35412639,-3.68504284,CALLE,PILAR LORENGAR,19
5242891,VILLAVERDE ALTO - CASCO HISTORICO DE VILLAVERDE,VILLAVERDE,OPERATIVO,40.34420879,-3.71136490,CALLE,VILLASTAR,6
5242894,VILLAVERDE ALTO - CASCO HISTORICO DE VILLAVERDE,VILLAVERDE,OPERATIVO,40.33418240,-3.69921903,CALLE,TRANSVERSAL SEXTA,18
5249225,TRAFALGAR,CHAMBERI,OPERATIVO,40.43170784,-3.70364589,CALLE,FUENCARRAL,133
5249801,UNIVERSIDAD,CENTRO,OPERATIVO,40.42436645,-3.70917849,PLAZA,CONDE DE TORENO,1
5250202,UNIVERSIDAD,CENTRO,OPERATIVO,40.42577694,-3.70935021,CALLE,AMANIEL,10
5270040,EL SALVADOR,SAN BLAS-CANILLEJAS,OPERATIVO,40.43992153,-3.63337111,CALLE,RIOBAMBA,6
5272335,IMPERIAL,ARGANZUELA,OPERATIVO,40.40647746,-3.71586038,CALLE,VILLOSLADA,9
5272337,LEGAZPI,ARGANZUELA,OPERATIVO,40.39346103,-3.68761760,CALLE,PARROCO EUSEBIO CUENCA,64
5279210,MIRASIERRA,FUENCARRAL-EL PARDO,OPERATIVO,40.48841061,-3.73127505,CALLE,MARIA DE MAEZTU,7
529382,UNIVERSIDAD,CENTRO,OPERATIVO,40.42724307,-3.70860028,PLAZA,COMENDADORAS,1
529385,PALACIO,CENTRO,OPERATIVO,40.41167387,-3.71145498,PLAZA,CARROS,3
529387,EMBAJADORES,CENTRO,OPERATIVO,40.40938949,-3.70392542,CALLE,MESON DE PAREDES,50
529390,CUATRO CAMINOS,TETUAN,OPERATIVO,40.45288575,-3.69667515,AVENIDA,GENERAL PERON,13
529391,ALMENARA,TETUAN,OPERATIVO,40.47062136,-3.69089777,CALLE,MARTIRES DE LA VENTILLA,29
529392,VALDEACEDERAS,TETUAN,OPERATIVO,40.46409771,-3.70809958,CALLE,PANIZO,68
529394,VALDEACEDERAS,TETUAN,OPERATIVO,40.46830521,-3.70258481,CALLE,JIRAFA,1
529395,BELLAS VISTAS,TETUAN,OPERATIVO,40.45418279,-3.71192754,CALLE,NUMANCIA,6
529403,CUATRO CAMINOS,TETUAN,OPERATIVO,40.45345067,-3.69721459,AVENIDA,PRESIDENTE CARMONA,5
529404,EMBAJADORES,CENTRO,OPERATIVO,40.40925536,-3.70839330,PLAZA,GENERAL VARA DE REY,3
529405,VALDEACEDERAS,TETUAN,OPERATIVO,40.46846995,-3.70057212,CALLE,PLATANO,34
529407,CUATRO CAMINOS,TETUAN,OPERATIVO,40.45531368,-3.69675856,PLAZA,SAN AMARO,10
529413,VALDEACEDERAS,TETUAN,OPERATIVO,40.47138000,-3.70571456,CALLE,SINESIO DELGADO,32
529414,VALDEACEDERAS,TETUAN,OPERATIVO,40.46804574,-3.70474857,PLAZA,CALICANTO,1
529415,CUATRO CAMINOS,TETUAN,OPERATIVO,40.44741898,-3.70093660,CALLE,ARTISTAS,28
529416,PALACIO,CENTRO,OPERATIVO,40.41200683,-3.71497690,PLAZA,GABRIEL MIRO,8
529417,EMBAJADORES,CENTRO,OPERATIVO,40.40712723,-3.71021628,CALLE,CAPITAN SALAZAR MARTINEZ,11
529420,BELLAS VISTAS,TETUAN,OPERATIVO,40.45157125,-3.71077299,CALLE,FRANCISCO BALSEIRO,4
529424,EMBAJADORES,CENTRO,OPERATIVO,40.40638895,-3.70457442,CALLE,CASINO,3
529425,VALDEACEDERAS,TETUAN,OPERATIVO,40.46830084,-3.69857051,CALLE,PINOS ALTA,62
529427,CUATRO CAMINOS,TETUAN,OPERATIVO,40.44937218,-3.69829416,CALLE,AVIADOR ZORITA,25
529430,UNIVERSIDAD,CENTRO,OPERATIVO,40.42183236,-3.70548880,CALLE,LUNA,8
529434,BELLAS VISTAS,TETUAN,OPERATIVO,40.45164143,-3.70930747,AVENIDA,DOCTOR FEDERICO RUBIO Y GALI,42
529682,VALVERDE,FUENCARRAL-EL PARDO,OPERATIVO,40.50228856,-3.69255310,CALLE,ALONSO QUIJANO,52
529687,LA PAZ,FUENCARRAL-EL PARDO,OPERATIVO,40.48876138,-3.70141286,AVENIDA,CARDENAL HERRERA ORIA,87
529690,LA PAZ,FUENCARRAL-EL PARDO,OPERATIVO,40.47514441,-3.70009767,CALLE,SINESIO DELGADO,22
529693,PILAR,FUENCARRAL-EL PARDO,OPERATIVO,40.47993324,-3.71332203,CALLE,DOCTOR RAMON CASTROVIEJO,3
529694,PEÑAGRANDE,FUENCARRAL-EL PARDO,OPERATIVO,40.48118351,-3.71370185,AVENIDA,BETANZOS,81
529695,MIRASIERRA,FUENCARRAL-EL PARDO,OPERATIVO,40.49233878,-3.70730323,CALLE,PAN DE AZUCAR,7
529698,PILAR,FUENCARRAL-EL PARDO,OPERATIVO,40.47761881,-3.70891131,PLAZA,VERIN,3
529700,PILAR,FUENCARRAL-EL PARDO,OPERATIVO,40.47117430,-3.71221109,CALLE,SINESIO DELGADO,64
529701,PILAR,FUENCARRAL-EL PARDO,OPERATIVO,40.47503284,-3.70708950,AVENIDA,EL FERROL,28
529702,LA PAZ,FUENCARRAL-EL PARDO,OPERATIVO,40.48584252,-3.69965462,CALLE,SANGENJO,31
529704,LA PAZ,FUENCARRAL-EL PARDO,OPERATIVO,40.48157005,-3.69954549,CALLE,ANTONIO LOPEZ AGUADO,12
529435,CASTILLEJOS,TETUAN,OPERATIVO,40.45784537,-3.69867165,CALLE,LAZAGA,10
529441,CORTES,CENTRO,OPERATIVO,40.41372568,-3.69573242,PLAZA,JESUS,4
529442,BERRUGUETE,TETUAN,OPERATIVO,40.45977059,-3.69934317,CALLE,BRAVO MURILLO,269
529443,VALDEACEDERAS,TETUAN,OPERATIVO,40.47127573,-3.70498360,CALLE,SINESIO DELGADO,30
529446,ALMENARA,TETUAN,OPERATIVO,40.47281629,-3.69998312,AVENIDA,ASTURIAS,74
529448,PALACIO,CENTRO,OPERATIVO,40.41286921,-3.70901699,CALLE,ALMENDRO,3
529449,EMBAJADORES,CENTRO,OPERATIVO,40.40991555,-3.70722612,PLAZA,CASCORRO,11
529450,ALMENARA,TETUAN,OPERATIVO,40.46914461,-3.69782090,PLAZA,DONOSO,4
529453,CASTILLEJOS,TETUAN,OPERATIVO,40.45752397,-3.69811369,CALLE,INFANTA MERCEDES,47 B
529454,ALMENARA,TETUAN,OPERATIVO,40.47354540,-3.69212654,CALLE,VIA LIMITE,31
529455,VALDEACEDERAS,TETUAN,OPERATIVO,40.47059454,-3.70570998,PASEO,DIRECCION,297
529457,UNIVERSIDAD,CENTRO,OPERATIVO,40.42872395,-3.71010079,CALLE,SANTA CRUZ DE MARCENADO,19
529461,UNIVERSIDAD,CENTRO,OPERATIVO,40.42890425,-3.70936348,CALLE,SANTA CRUZ DE MARCENADO,18
529462,ALMENARA,TETUAN,OPERATIVO,40.46689456,-3.69443526,CALLE,AGUILEÑAS,15
529466,EMBAJADORES,CENTRO,OPERATIVO,40.40596997,-3.70528774,RONDA,TOLEDO,9
529468,PALACIO,CENTRO,OPERATIVO,40.41381890,-3.70903938,CALLE,SAN JUSTO,1
529469,ALMENARA,TETUAN,OPERATIVO,40.47320433,-3.69994992,AVENIDA,ASTURIAS,74
529471,EMBAJADORES,CENTRO,OPERATIVO,40.40550361,-3.70272688,GLORIETA,EMBAJADORES,1
529705,LA PAZ,FUENCARRAL-EL PARDO,OPERATIVO,40.48110902,-3.70130690,CALLE,ANTONIO LOPEZ AGUADO,5
529706,VALVERDE,FUENCARRAL-EL PARDO,OPERATIVO,40.49481934,-3.68788936,CALLE,NUESTRA SEÑORA DE VALVERDE,65
529707,MIRASIERRA,FUENCARRAL-EL PARDO,OPERATIVO,40.48866204,-3.72219475,CALLE,VALLE DE ENMEDIO,79
529708,LA PAZ,FUENCARRAL-EL PARDO,OPERATIVO,40.47949388,-3.69760415,AVENIDA,MONFORTE DE LEMOS,21
529714,EL PARDO,FUENCARRAL-EL PARDO,OPERATIVO,40.53059756,-3.77983585,CALLE,CAMPAÑA,5
529717,MIRASIERRA,FUENCARRAL-EL PARDO,OPERATIVO,40.49459362,-3.71153161,CALLE,NURIA,83
529718,LA PAZ,FUENCARRAL-EL PARDO,OPERATIVO,40.47937435,-3.69654046,AVENIDA,MONFORTE DE LEMOS,17
529719,LA PAZ,FUENCARRAL-EL PARDO,OPERATIVO,40.48207408,-3.69944507,CALLE,ANTONIO LOPEZ AGUADO,3
529720,VALVERDE,FUENCARRAL-EL PARDO,OPERATIVO,40.49763097,-3.69379627,PASEO,ALAMEDILLAS,1
529722,VALVERDE,FUENCARRAL-EL PARDO,OPERATIVO,40.49075909,-3.68940908,CALLE,LEZAMA,10
529723,PEÑAGRANDE,FUENCARRAL-EL PARDO,OPERATIVO,40.47383868,-3.71630804,CALLE,CHANTADA,40
529725,LA PAZ,FUENCARRAL-EL PARDO,OPERATIVO,40.48526841,-3.70813917,CALLE,ALFREDO MARQUERIE,18
529726,VALVERDE,FUENCARRAL-EL PARDO,OPERATIVO,40.49014121,-3.68391326,CALLE,ISLA DE JAVA,46
529728,PEÑAGRANDE,FUENCARRAL-EL PARDO,OPERATIVO,40.48029415,-3.71350938,AVENIDA,BETANZOS,77
529730,LA PAZ,FUENCARRAL-EL PARDO,OPERATIVO,40.48150867,-3.69840418,CALLE,ARZOBISPO MORCILLO,15
529732,LA PAZ,FUENCARRAL-EL PARDO,OPERATIVO,40.47440246,-3.70192557,CALLE,SINESIO DELGADO,17
529733,VALVERDE,FUENCARRAL-EL PARDO,OPERATIVO,40.49712526,-3.69440345,CALLE,SAN CUGAT DEL VALLES,6
529472,ALMENARA,TETUAN,OPERATIVO,40.47360403,-3.69585107,CALLE,VIA LIMITE,10
529473,CUATRO CAMINOS,TETUAN,OPERATIVO,40.45050907,-3.70332474,CALLE,BRAVO MURILLO,144
529476,CASTILLEJOS,TETUAN,OPERATIVO,40.45958969,-3.69686697,CALLE,INFANTA MERCEDES,59
529477,VALDEACEDERAS,TETUAN,OPERATIVO,40.46521631,-3.69830361,CALLE,MULLER,36
529479,CUATRO CAMINOS,TETUAN,OPERATIVO,40.44970403,-3.69321175,PLAZA,Pablo Ruíz Picasso,13
529484,RIOS ROSAS,CHAMBERI,OPERATIVO,40.43945131,-3.69142541,PASEO,CASTELLANA,59
529485,ALMAGRO,CHAMBERI,OPERATIVO,40.43704812,-3.69031670,PASEO,CASTELLANA,51
529487,ARGÜELLES,MONCLOA-ARAVACA,OPERATIVO,40.42915187,-3.72012914,CALLE,MARQUES DE URQUIJO,39
529490,VALLEHERMOSO,CHAMBERI,OPERATIVO,40.43895660,-3.70450151,CALLE,BRAVO MURILLO,49 A
529491,LEGAZPI,ARGANZUELA,OPERATIVO,40.39032601,-3.68747355,CALLE,BRONCE,5
529492,ACACIAS,ARGANZUELA,OPERATIVO,40.39737533,-3.70490787,PASEO,YESERIAS,57
529735,VALVERDE,FUENCARRAL-EL PARDO,OPERATIVO,40.49482477,-3.68634523,PLAZA,MARTIRES,6
529736,EL PARDO,FUENCARRAL-EL PARDO,OPERATIVO,40.53309979,-3.78203027,CALLE,GARITA,4
529741,LA PAZ,FUENCARRAL-EL PARDO,OPERATIVO,40.48146892,-3.69689940,CALLE,ARZOBISPO MORCILLO,30
529744,LA PAZ,FUENCARRAL-EL PARDO,OPERATIVO,40.48493206,-3.70204846,CALLE,SANGENJO,19
529747,PILAR,FUENCARRAL-EL PARDO,OPERATIVO,40.47586719,-3.70527133,CALLE,MELCHOR FERNANDEZ ALMAGRO,107
529749,PILAR,FUENCARRAL-EL PARDO,OPERATIVO,40.47902273,-3.71095037,AVENIDA,MONFORTE DE LEMOS,42
529750,PILAR,FUENCARRAL-EL PARDO,OPERATIVO,40.47790938,-3.70725102,PLAZA,ARTEIJO,14
529752,EL PARDO,FUENCARRAL-EL PARDO,OPERATIVO,40.51973243,-3.77627718,AVENIDA,GUARDIA,27
529755,LA PAZ,FUENCARRAL-EL PARDO,OPERATIVO,40.48180475,-3.70296223,CALLE,ANTONIO LOPEZ AGUADO,22
529756,VALVERDE,FUENCARRAL-EL PARDO,OPERATIVO,40.49556550,-3.69514429,CALLE,BRAILLE,15
529758,VALVERDE,FUENCARRAL-EL PARDO,OPERATIVO,40.49617365,-3.68865187,CALLE,SANTA ANA BAJA,18
529498,LEGAZPI,ARGANZUELA,OPERATIVO,40.38941674,-3.69023724,CALLE,SODIO,1 G
529500,LEGAZPI,ARGANZUELA,OPERATIVO,40.39386131,-3.68470162,CALLE,NEBULOSAS,2 W
529501,PALOS DE LA FRONTERA,ARGANZUELA,OPERATIVO,40.40277467,-3.69467678,CALLE,PALOS DE LA FRONTERA,42 B
529503,ARGÜELLES,MONCLOA-ARAVACA,OPERATIVO,40.43180877,-3.71724615,CALLE,PRINCESA,71
529504,VALLEHERMOSO,CHAMBERI,OPERATIVO,40.44152089,-3.71652604,CALLE,DOMENICO SCARLATTI,4
529507,IMPERIAL,ARGANZUELA,OPERATIVO,40.40439490,-3.72186411,CALLE,SAN ALEJANDRO,12
529509,ACACIAS,ARGANZUELA,OPERATIVO,40.40265856,-3.70823188,CALLE,NOGALES,5
529510,ESTRELLA,RETIRO,OPERATIVO,40.41585564,-3.66141832,CALLE,JUAN ESPLANDIU,4 B
529511,LEGAZPI,ARGANZUELA,OPERATIVO,40.39030504,-3.68187000,CALLE,MENESES,6
529517,LEGAZPI,ARGANZUELA,OPERATIVO,40.38935729,-3.68139736,CALLE,TITAN,15
529519,LEGAZPI,ARGANZUELA,OPERATIVO,40.39362495,-3.68193683,AVENIDA,PLANETARIO,7
529520,CHOPERA,ARGANZUELA,OPERATIVO,40.39787094,-3.69819200,CALLE,JAIME EL CONQUISTADOR,10
529522,IMPERIAL,ARGANZUELA,OPERATIVO,40.40484308,-3.71812037,PASEO,PONTONES,20 B
529523,ALMAGRO,CHAMBERI,OPERATIVO,40.42989333,-3.68941203,PASEO,CASTELLANA,25
529524,LEGAZPI,ARGANZUELA,OPERATIVO,40.38862341,-3.68658954,CALLE,PUERTO DE BEJAR,24
529761,PEÑAGRANDE,FUENCARRAL-EL PARDO,OPERATIVO,40.47549796,-3.72100960,CALLE,CANDIDO MATEOS,37
529763,LA PAZ,FUENCARRAL-EL PARDO,OPERATIVO,40.48002509,-3.69096717,CALLE,PEDRO RICO,1
529764,LA PAZ,FUENCARRAL-EL PARDO,OPERATIVO,40.48032374,-3.69221531,CALLE,ARZOBISPO MORCILLO,3
529769,CASA DE CAMPO,MONCLOA-ARAVACA,OPERATIVO,40.43388840,-3.73547068,CALLE,ANICETO MARINAS,116
529771,CASA DE CAMPO,MONCLOA-ARAVACA,FUERA_DE_SERVICIO,40.42609522,-3.72794462,CALLE,ANICETO MARINAS,11
529774,CASA DE CAMPO,MONCLOA-ARAVACA,OPERATIVO,40.43107434,-3.73494907,CALLE,RIBERA DEL MANZANARES,155
529777,CASA DE CAMPO,MONCLOA-ARAVACA,OPERATIVO,40.42599410,-3.73132081,PASEO,COMANDANTE FORTEA,23
529778,ARAVACA,MONCLOA-ARAVACA,OPERATIVO,40.45871109,-3.78534004,AVENIDA,GALAXIA,3
529780,CASA DE CAMPO,MONCLOA-ARAVACA,OPERATIVO,40.42617906,-3.73181837,PASEO,COMANDANTE FORTEA,25
529782,ARAVACA,MONCLOA-ARAVACA,OPERATIVO,40.45444292,-3.79034851,CALLE,ALFAR,23
529783,ARAVACA,MONCLOA-ARAVACA,OPERATIVO,40.46160382,-3.77955949,PASEO,ERMITA,28
529785,ARAVACA,MONCLOA-ARAVACA,OPERATIVO,40.45679640,-3.78319151,CALLE,CAROLI,24
529786,ARAVACA,MONCLOA-ARAVACA,OPERATIVO,40.46200119,-3.78117845,CALLE,ARDALES,22
529788,ARAVACA,MONCLOA-ARAVACA,OPERATIVO,40.45153581,-3.77057542,CALLE,ENEBRO,21
529790,ARAVACA,MONCLOA-ARAVACA,OPERATIVO,40.45208458,-3.77025940,CALLE,ARROYO DE POZUELO,13
529792,ARAVACA,MONCLOA-ARAVACA,OPERATIVO,40.45349702,-3.77603541,CALLE,VIRGEN DE LOS ROSALES,44
529527,ALMAGRO,CHAMBERI,OPERATIVO,40.43169247,-3.68892131,PASEO,CASTELLANA,31
529529,ESTRELLA,RETIRO,OPERATIVO,40.41487910,-3.66199361,CALLE,JUAN ESPLANDIU,4
529532,ACACIAS,ARGANZUELA,OPERATIVO,40.39856290,-3.70879901,PASEO,YESERIAS,29
529533,ESTRELLA,RETIRO,OPERATIVO,40.41672597,-3.66583588,CALLE,MARQUES DE LOZOYA,10
529534,LEGAZPI,ARGANZUELA,OPERATIVO,40.38910978,-3.69005938,CALLE,HIERRO,8 A
529537,ADELFAS,RETIRO,FUERA_DE_SERVICIO,40.40453187,-3.66706507,CALLE,FEDERICO MORENO TORROBA,11
529538,PALOS DE LA FRONTERA,ARGANZUELA,OPERATIVO,40.40201773,-3.69409097,PLAZA,LUCA DE TENA,13
529539,DELICIAS,ARGANZUELA,OPERATIVO,40.39548717,-3.68833036,CALLE,PARROCO EUSEBIO CUENCA,46
529541,LEGAZPI,ARGANZUELA,OPERATIVO,40.39154743,-3.68643723,CALLE,ANTRACITA,32
529545,ACACIAS,ARGANZUELA,OPERATIVO,40.40223843,-3.70770956,CALLE,GASOMETRO,32
529546,ADELFAS,RETIRO,FUERA_DE_SERVICIO,40.40369569,-3.66855157,CALLE,LUIS MITJANS,56
529548,TRAFALGAR,CHAMBERI,OPERATIVO,40.43242228,-3.70074396,PLAZA,OLAVIDE,16
529550,PACIFICO,RETIRO,OPERATIVO,40.40070044,-3.67628583,CALLE,COCHERAS,1
529553,ADELFAS,RETIRO,OPERATIVO,40.40498363,-3.67043754,CALLE,ADELFAS,40
529557,ADELFAS,RETIRO,OPERATIVO,40.39880146,-3.66960672,CALLE,ARREGUI Y ARUEJ,2
529793,CASA DE CAMPO,MONCLOA-ARAVACA,OPERATIVO,40.43180358,-3.73174536,AVENIDA,VALLADOLID,67
529795,ARAVACA,MONCLOA-ARAVACA,OPERATIVO,40.45119113,-3.78213724,CALLE,ROSAS DE ARAVACA,2
529796,CASA DE CAMPO,MONCLOA-ARAVACA,OPERATIVO,40.43270451,-3.73252236,CALLE,SENDA DEL REY,15
529803,ARAVACA,MONCLOA-ARAVACA,OPERATIVO,40.45026207,-3.79001449,CALLE,UNICORNIO,32 A
529809,ARAVACA,MONCLOA-ARAVACA,OPERATIVO,40.45018676,-3.77398016,CALLE,SEIS DE DICIEMBRE,28
529810,ARAVACA,MONCLOA-ARAVACA,OPERATIVO,40.45143553,-3.77713085,CALLE,ROSA LUXEMBURGO,56
529812,ARAVACA,MONCLOA-ARAVACA,OPERATIVO,40.44928007,-3.76936935,CALLE,BUHO,10
529813,VALDEZARZA,MONCLOA-ARAVACA,OPERATIVO,40.46533502,-3.71841805,CALLE,ARTAJONA,45
529816,CIUDAD UNIVERSITARIA,MONCLOA-ARAVACA,OPERATIVO,40.46151907,-3.72371324,AVENIDA,MARTIRES MARISTAS,42
529817,VALDEZARZA,MONCLOA-ARAVACA,FUERA_DE_SERVICIO,40.46409141,-3.72076420,CALLE,ISLA DE OZA,61
529819,VALDEZARZA,MONCLOA-ARAVACA,OPERATIVO,40.46752333,-3.72013194,CALLE,VALDERREY,40
529559,NIÑO JESUS,RETIRO,OPERATIVO,40.41297641,-3.67657219,CALLE,PIO BAROJA,15
529561,NIÑO JESUS,RETIRO,OPERATIVO,40.40957876,-3.67159288,CALLE,ANTONIO DIAZ-CAÑABATE,4
529565,PACIFICO,RETIRO,OPERATIVO,40.40555821,-3.67516738,CALLE,CAVANILLES,38
529566,LOS JERONIMOS,RETIRO,FUERA_DE_SERVICIO,40.41941448,-3.69173226,CALLE,ALCALA,50
529568,PACIFICO,RETIRO,OPERATIVO,40.40303716,-3.68381658,CALLE,COMERCIO,10 D
529570,GUINDALERA,SALAMANCA,OPERATIVO,40.43650312,-3.66065993,AVENIDA,BRASILIA,7
529571,GUINDALERA,SALAMANCA,OPERATIVO,40.43859604,-3.66025984,AVENIDA,BRASILIA,13
529575,GUINDALERA,SALAMANCA,OPERATIVO,40.44151911,-3.66073155,AVENIDA,BRASILIA,6
529576,GUINDALERA,SALAMANCA,OPERATIVO,40.43066396,-3.66772452,CALLE,DOCTOR GOMEZ ULLA,11
529582,FUENTE DEL BERRO,SALAMANCA,OPERATIVO,40.42466885,-3.66084827,CALLE,DOLORES ROMERO,53
529821,VALDEZARZA,MONCLOA-ARAVACA,OPERATIVO,40.46696711,-3.71693352,CALLE,VALDEVERDEJA,5
529823,VALDEZARZA,MONCLOA-ARAVACA,OPERATIVO,40.47037719,-3.72065479,CALLE,VALDERROMAN,34
529825,PEÑAGRANDE,FUENCARRAL-EL PARDO,OPERATIVO,40.47245181,-3.72341352,CALLE,JOAQUIN LORENZO,15
529831,CIUDAD UNIVERSITARIA,MONCLOA-ARAVACA,OPERATIVO,40.45699746,-3.71409590,AVENIDA,DOCTOR FEDERICO RUBIO Y GALI,75  B
529842,VALDEZARZA,MONCLOA-ARAVACA,OPERATIVO,40.46239545,-3.71220692,AVENIDA,SANTO ANGEL DE LA GUARDA,8
529843,VALDEZARZA,MONCLOA-ARAVACA,OPERATIVO,40.46483868,-3.71637650,CALLE,SAN RESTITUTO,72
529844,VALDEZARZA,MONCLOA-ARAVACA,OPERATIVO,40.46471859,-3.71210594,CALLE,ARMENTEROS,40
529846,ARAVACA,MONCLOA-ARAVACA,OPERATIVO,40.45223129,-3.79237799,CALLE,ESCULTOR PERESEJO,11
529847,ARAVACA,MONCLOA-ARAVACA,OPERATIVO,40.45338452,-3.78832060,CALLE,ESCULTOR PERESEJO,7
529848,ARAVACA,MONCLOA-ARAVACA,OPERATIVO,40.45343438,-3.79007010,CALLE,ESCULTOR PERESEJO,74
529583,GUINDALERA,SALAMANCA,OPERATIVO,40.43848364,-3.66474984,PLAZA,BURDEOS,2
529587,CASTELLANA,SALAMANCA,OPERATIVO,40.43702074,-3.68980193,PASEO,CASTELLANA,64
529589,FUENTE DEL BERRO,SALAMANCA,OPERATIVO,40.42550117,-3.66542339,CALLE,DIEGO BAHAMONDE,9
529592,GUINDALERA,SALAMANCA,OPERATIVO,40.43160302,-3.66699826,CALLE,LONDRES,37
529593,GUINDALERA,SALAMANCA,OPERATIVO,40.42905639,-3.66873581,CALLE,DOCTOR GOMEZ ULLA,1
529594,LISTA,SALAMANCA,OPERATIVO,40.43232364,-3.67793360,CALLE,GENERAL PARDIÑAS,65
529595,FUENTE DEL BERRO,SALAMANCA,OPERATIVO,40.42677912,-3.66542019,CALLE,RUFINO BLANCO,27
529596,HISPANOAMERICA,CHAMARTIN,OPERATIVO,40.45623833,-3.67538255,CALLE,COLOMBIA,14 E
529598,HISPANOAMERICA,CHAMARTIN,OPERATIVO,40.45567748,-3.67302670,CALLE,URUGUAY,23
529600,CIUDAD JARDIN,CHAMARTIN,OPERATIVO,40.44429712,-3.67452295,PLAZA,PROSPERIDAD,5
529603,HISPANOAMERICA,CHAMARTIN,OPERATIVO,40.45507414,-3.69013273,PASEO,CASTELLANA,148
529604,PROSPERIDAD,CHAMARTIN,OPERATIVO,40.44412008,-3.66877270,CALLE,CLARA DEL REY,47 B
529605,NUEVA ESPAÑA,CHAMARTIN,OPERATIVO,40.46179587,-3.67153124,CALLE,TORPEDERO TUCUMAN,20
529606,NUEVA ESPAÑA,CHAMARTIN,OPERATIVO,40.45910732,-3.68730881,AVENIDA,ALBERTO ALCOCER,9  B
529608,NUEVA ESPAÑA,CHAMARTIN,OPERATIVO,40.46573765,-3.66976086,CALLE,ROSA JARDON,7
529849,CASA DE CAMPO,MONCLOA-ARAVACA,OPERATIVO,40.42332795,-3.72453448,CALLE,ANICETO MARINAS,48
529851,CASA DE CAMPO,MONCLOA-ARAVACA,OPERATIVO,40.42311327,-3.72256371,PASEO,FLORIDA,12
529853,CASA DE CAMPO,MONCLOA-ARAVACA,OPERATIVO,40.41245634,-3.73643465,PASEO,Paseo Puerta del Angel,1
529855,ARAVACA,MONCLOA-ARAVACA,OPERATIVO,40.45900122,-3.79669355,CALLE,CARRIL DE LOS CALEROS,50
529860,ARAVACA,MONCLOA-ARAVACA,OPERATIVO,40.45777561,-3.78021701,CALLE,TEJADILLO,2
529862,CIUDAD UNIVERSITARIA,MONCLOA-ARAVACA,OPERATIVO,40.44670280,-3.71376967,CALLE,JUAN MONTALVO,31
529864,VALDEZARZA,MONCLOA-ARAVACA,FUERA_DE_SERVICIO,40.45871947,-3.71564745,CALLE,FRANCOS RODRIGUEZ,77
529866,VALDEMARIN,MONCLOA-ARAVACA,OPERATIVO,40.46542609,-3.78700746,CAMINO,ZARZUELA,25
529867,VALDEMARIN,MONCLOA-ARAVACA,OPERATIVO,40.46538821,-3.78733106,CAMINO,ZARZUELA,25
529868,VALDEMARIN,MONCLOA-ARAVACA,OPERATIVO,40.46549664,-3.78783926,CAMINO,ZARZUELA,29
529869,IBIZA,RETIRO,OPERATIVO,40.42149778,-3.67977142,AVENIDA,MENENDEZ PELAYO,9
529870,AGUILAS,LATINA,OPERATIVO,40.37539942,-3.77075627,CALLE,SOLEDAD CAZORLA,22
529872,ALUCHE,LATINA,FUERA_DE_SERVICIO,40.39712277,-3.76670909,CALLE,GRANJA DE TORREHERMOSA,1
529873,ARAVACA,MONCLOA-ARAVACA,OPERATIVO,40.45727173,-3.78320765,CALLE,PEREZ DE VICTORIA,11
529874,LOS CARMENES,LATINA,OPERATIVO,40.39609310,-3.74116564,CALLE,ESCALONILLA,19
529876,ALUCHE,LATINA,OPERATIVO,40.39324056,-3.74975999,CALLE,LOS YEBENES,143
529877,LOS CARMENES,LATINA,OPERATIVO,40.40154456,-3.73637453,CALLE,CONCEJAL FRANCISCO JOSE JIMENEZ MARTIN,5
529878,LOS CARMENES,LATINA,OPERATIVO,40.40057745,-3.73899775,CALLE,CONCEJAL FRANCISCO JOSE JIMENEZ MARTIN,7
529879,LOS CARMENES,LATINA,OPERATIVO,40.39966430,-3.74404885,CALLE,ALHAMBRA,56
529881,LUCERO,LATINA,OPERATIVO,40.40097771,-3.75822980,CALLE,SANCHORREJA,25
529885,LUCERO,LATINA,OPERATIVO,40.40132256,-3.75843942,CALLE,SANCHORREJA,17
529610,RECOLETOS,SALAMANCA,OPERATIVO,40.42667774,-3.68990857,PASEO,CASTELLANA,4
529613,PROSPERIDAD,CHAMARTIN,OPERATIVO,40.44203520,-3.67203636,CALLE,JUAN BAUTISTA DE TOLEDO,34
529614,CIUDAD JARDIN,CHAMARTIN,OPERATIVO,40.44464498,-3.67704686,CALLE,PECHUAN,10
529615,CASTILLA,CHAMARTIN,OPERATIVO,40.46727197,-3.68392997,CALLE,RODRIGUEZ JAEN,1
529616,GUINDALERA,SALAMANCA,OPERATIVO,40.43409279,-3.67003026,CALLE,AZCONA,30
529618,FUENTE DEL BERRO,SALAMANCA,OPERATIVO,40.42270553,-3.66529022,CALLE,JORGE JUAN,126
529620,CASTELLANA,SALAMANCA,OPERATIVO,40.43150337,-3.68376459,CALLE,VELAZQUEZ,75
529621,PROSPERIDAD,CHAMARTIN,OPERATIVO,40.44588129,-3.66543170,CALLE,CORAZON DE MARIA,66
529623,RECOLETOS,SALAMANCA,OPERATIVO,40.42867185,-3.68938665,PASEO,CASTELLANA,18
529624,RECOLETOS,SALAMANCA,OPERATIVO,40.42737449,-3.68969877,PASEO,CASTELLANA,8
529625,NUEVA ESPAÑA,CHAMARTIN,OPERATIVO,40.45984530,-3.67214454,AVENIDA,ALFONSO XIII,131
529626,NUEVA ESPAÑA,CHAMARTIN,OPERATIVO,40.46289797,-3.68475778,PLAZA,MADRE MOLAS,2
529628,HISPANOAMERICA,CHAMARTIN,OPERATIVO,40.45503773,-3.67308738,CALLE,URUGUAY,16
529629,PROSPERIDAD,CHAMARTIN,OPERATIVO,40.45249047,-3.66417266,PASEO,CEREZOS,2
529631,NUEVA ESPAÑA,CHAMARTIN,OPERATIVO,40.46059999,-3.67004500,CALLE,ENRIQUE JARDIEL PONCELA,5
529635,PROSPERIDAD,CHAMARTIN,OPERATIVO,40.44142620,-3.66972268,CALLE,CORAZON DE MARIA,18
529891,LOS CARMENES,LATINA,FUERA_DE_SERVICIO,40.40616222,-3.72576159,PASEO,ERMITA DEL SANTO,66
529894,ALUCHE,LATINA,OPERATIVO,40.39723601,-3.75763447,CALLE,SESEÑA,2 A
529895,CUATRO VIENTOS,LATINA,OPERATIVO,40.37018941,-3.76539244,CALLE,XILOFONO,1
529898,PUERTA DEL ANGEL,LATINA,OPERATIVO,40.41419257,-3.72725906,PLAZA,SANTA CRISTINA,2
529900,CAMPAMENTO,LATINA,OPERATIVO,40.38103788,-3.79139752,CALLE,GRANADEROS,15
529901,CAMPAMENTO,LATINA,OPERATIVO,40.38118411,-3.78993288,CALLE,GRANADEROS,1 A
529903,CAMPAMENTO,LATINA,OPERATIVO,40.37815114,-3.79611681,AVENIDA,ARQUEROS,45
529904,CAMPAMENTO,LATINA,OPERATIVO,40.37992346,-3.79291005,PASEO,HUSARES,36
529906,CAMPAMENTO,LATINA,OPERATIVO,40.37740662,-3.79700768,AVENIDA,ARQUEROS,47
529908,AGUILAS,LATINA,OPERATIVO,40.38619181,-3.76783680,CALLE,NAVIA,9 D
529636,HISPANOAMERICA,CHAMARTIN,OPERATIVO,40.45364842,-3.66585898,CALLE,CELINDAS,13
529638,NUEVA ESPAÑA,CHAMARTIN,OPERATIVO,40.46262398,-3.68611793,CALLE,PEDRO MUGURUZA,5
529640,CIUDAD JARDIN,CHAMARTIN,OPERATIVO,40.45112155,-3.66742138,AVENIDA,ALFONSO XIII,36
529642,CIUDAD JARDIN,CHAMARTIN,OPERATIVO,40.44908974,-3.67343959,CALLE,PRADILLO,21
529644,HISPANOAMERICA,CHAMARTIN,OPERATIVO,40.45800832,-3.66845958,CALLE,COLOMBIA,54
529647,EL VISO,CHAMARTIN,OPERATIVO,40.43910171,-3.69084686,PASEO,CASTELLANA,78
529650,GOYA,SALAMANCA,OPERATIVO,40.42422372,-3.67536211,AVENIDA,FELIPE II,5
529651,CIUDAD JARDIN,CHAMARTIN,OPERATIVO,40.45025545,-3.67654989,CALLE,DOCTOR MARCO CORERA,4
529653,PROSPERIDAD,CHAMARTIN,OPERATIVO,40.43949070,-3.67571892,CALLE,SAN FERNANDO DEL JARAMA,14
529654,CIUDAD JARDIN,CHAMARTIN,OPERATIVO,40.45150463,-3.67482410,AVENIDA,RAMON Y CAJAL,4
529655,GUINDALERA,SALAMANCA,OPERATIVO,40.43708459,-3.66586713,CALLE,LUIS CALVO,17
529656,PROSPERIDAD,CHAMARTIN,OPERATIVO,40.45193633,-3.66456442,CALLE,PADRE CLARET,38
529910,AGUILAS,LATINA,OPERATIVO,40.38545805,-3.76480526,CALLE,GUAREÑA,22
529911,ALUCHE,LATINA,OPERATIVO,40.39497658,-3.74447919,CALLE,MARCELINO CASTILLO,26
529916,LUCERO,LATINA,OPERATIVO,40.40586092,-3.75197618,CALLE,VILLASANDINO,29
529918,AGUILAS,LATINA,OPERATIVO,40.38228047,-3.78235949,CALLE,FUENTE DE LIMA,28
529920,AGUILAS,LATINA,OPERATIVO,40.38155612,-3.77597099,AVENIDA,LAS AGUILAS,97 B
529921,AGUILAS,LATINA,OPERATIVO,40.37486311,-3.77245761,CALLE,RAFAEL FINAT,119
529923,BUENAVISTA,CARABANCHEL,OPERATIVO,40.37546086,-3.75611429,CAMINO,CRUCES,4
529924,AGUILAS,LATINA,OPERATIVO,40.37750033,-3.75835799,AVENIDA,POBLADOS,74 A
529926,AGUILAS,LATINA,OPERATIVO,40.37467108,-3.76185876,CALLE,MUNTADAS,5
529930,ALUCHE,LATINA,OPERATIVO,40.39150411,-3.76635339,AVENIDA,PADRE PIQUER,27
529931,ALUCHE,LATINA,OPERATIVO,40.39323650,-3.76762401,AVENIDA,PADRE PIQUER,23 B
529932,ALUCHE,LATINA,OPERATIVO,40.39140681,-3.75895051,CALLE,VALMOJADO,10
529933,ALUCHE,LATINA,OPERATIVO,40.38935148,-3.76010353,CALLE,QUERO,85
529934,PUERTA DEL ANGEL,LATINA,OPERATIVO,40.40712372,-3.72743046,CALLE,SEPULVEDA,5 A
529936,LUCERO,LATINA,OPERATIVO,40.40093652,-3.74723788,CALLE,GREGORIO VACAS,20
529658,EL GOLOSO,FUENCARRAL-EL PARDO,OPERATIVO,40.50915480,-3.69064033,CALLE,MONASTERIOS DE SUSO Y YUSO,73
529659,NUEVA ESPAÑA,CHAMARTIN,OPERATIVO,40.46235041,-3.67601198,AVENIDA,PIO XII,19
529662,VALVERDE,FUENCARRAL-EL PARDO,OPERATIVO,40.50608558,-3.66694238,CALLE,SIERRA DE ATAPUERCA,41 A
529667,FUENTELARREINA,FUENCARRAL-EL PARDO,OPERATIVO,40.47896471,-3.73945177,CALLE,FRESNEDILLAS,8
529672,PEÑAGRANDE,FUENCARRAL-EL PARDO,OPERATIVO,40.48210779,-3.72266689,CALLE,RAMON GOMEZ DE LA SERNA,12
529937,ALUCHE,LATINA,OPERATIVO,40.39921313,-3.75856988,CALLE,SESEÑA,18
529942,LUCERO,LATINA,OPERATIVO,40.40055042,-3.75814735,CALLE,YEBENES,6
529945,QUINTANA,CIUDAD LINEAL,OPERATIVO,40.43887130,-3.64010279,CALLE,MARQUESA DE TORRECILLA,5 B
529948,ALUCHE,LATINA,OPERATIVO,40.38561761,-3.76015404,CALLE,OCAÑA,2
529949,VENTAS,CIUDAD LINEAL,OPERATIVO,40.43066265,-3.65578627,CALLE,JOSE VILLENA,18
529950,PUEBLO NUEVO,CIUDAD LINEAL,OPERATIVO,40.43278400,-3.64143343,PZ,VICENTE ESPINEL,32
529951,AGUILAS,LATINA,OPERATIVO,40.38384903,-3.77927966,CALLE,FRAY JOSE CERDEIRIÑA,57
529953,QUINTANA,CIUDAD LINEAL,OPERATIVO,40.43596767,-3.64937862,CALLE,VIRGEN DEL SAGRARIO,22
529954,QUINTANA,CIUDAD LINEAL,OPERATIVO,40.43837636,-3.63881232,CALLE,MISTERIOS,2
529956,LA CONCEPCIÓN,CIUDAD LINEAL,OPERATIVO,40.43672145,-3.65141292,CALLE,VIRGEN DE NURIA,19 A
529965,SAN PASCUAL,CIUDAD LINEAL,OPERATIVO,40.44261712,-3.65198986,PLAZA,PLATON,15
529968,SAN JUAN BAUTISTA,CIUDAD LINEAL,OPERATIVO,40.45099936,-3.65669808,CALLE,CIDAMON,11
529969,SAN JUAN BAUTISTA,CIUDAD LINEAL,OPERATIVO,40.45250069,-3.65950753,CALLE,FAUSTINA PEÑALVER,20 A
529975,COSTILLARES,CIUDAD LINEAL,OPERATIVO,40.48143359,-3.66881671,CALLE,CALERUEGA,112
529978,PUEBLO NUEVO,CIUDAD LINEAL,OPERATIVO,40.43060369,-3.64440108,CALLE,CAROLINA CORONADO,26
529979,LA CONCEPCIÓN,CIUDAD LINEAL,OPERATIVO,40.44000818,-3.64499141,CALLE,JOSE DEL HIERRO,37
529980,PUEBLO NUEVO,CIUDAD LINEAL,OPERATIVO,40.42373359,-3.63605332,CALLE,GANDHI,12
529986,PUEBLO NUEVO,CIUDAD LINEAL,OPERATIVO,40.42037135,-3.62801460,CALLE,JOSE MARIA RODERO,16
529991,SAN JUAN BAUTISTA,CIUDAD LINEAL,OPERATIVO,40.45088149,-3.64938917,CALLE,ASURA,3
529992,PUEBLO NUEVO,CIUDAD LINEAL,OPERATIVO,40.41937447,-3.62872834,CALLE,JOSE MARIA RODERO,1
529994,VENTAS,CIUDAD LINEAL,OPERATIVO,40.42507766,-3.64991885,CALLE,SANTA FELICIDAD,11
529995,VENTAS,CIUDAD LINEAL,OPERATIVO,40.42671495,-3.64733522,AVENIDA,TRECE ROSAS,9
529997,HELLIN,SAN BLAS-CANILLEJAS,OPERATIVO,40.43191195,-3.61814380,CALLE,INVENTORES,20
529999,PUEBLO NUEVO,CIUDAD LINEAL,OPERATIVO,40.43033569,-3.63857141,CALLE,FRANCISCO RIOJA,15
530000,PUEBLO NUEVO,CIUDAD LINEAL,OPERATIVO,40.42628366,-3.63655646,CALLE,EMILIO FERRARI,146
530004,QUINTANA,CIUDAD LINEAL,OPERATIVO,40.43297696,-3.65145082,CALLE,SIENA,52
530005,QUINTANA,CIUDAD LINEAL,OPERATIVO,40.43352513,-3.65159017,CALLE,SIENA,57
529673,MIRASIERRA,FUENCARRAL-EL PARDO,OPERATIVO,40.49356094,-3.70840598,CALLE,NURIA,42
529674,PEÑAGRANDE,FUENCARRAL-EL PARDO,OPERATIVO,40.48363388,-3.72822489,CALLE,RAMON GOMEZ DE LA SERNA,97
529677,PILAR,FUENCARRAL-EL PARDO,OPERATIVO,40.48071438,-3.71217430,CALLE,SANTIAGO DE COMPOSTELA,74
529681,PEÑAGRANDE,FUENCARRAL-EL PARDO,OPERATIVO,40.48050334,-3.72038067,CALLE,ISLA DE ONS,2
529683,PILAR,FUENCARRAL-EL PARDO,OPERATIVO,40.47666524,-3.70859396,PLAZA,REDONDELA,13
529684,MIRASIERRA,FUENCARRAL-EL PARDO,OPERATIVO,40.48773557,-3.72328733,PLAZA,VALLE DE LA JAROSA,87
529685,VALVERDE,FUENCARRAL-EL PARDO,OPERATIVO,40.49095203,-3.69683013,CALLE,SABADELL,57
529686,PILAR,FUENCARRAL-EL PARDO,OPERATIVO,40.47528785,-3.70560609,AVENIDA,EL FERROL,26
529688,PEÑAGRANDE,FUENCARRAL-EL PARDO,OPERATIVO,40.48521082,-3.72502617,CALLE,VALLE DE PINARES LLANOS,50
529689,LA PAZ,FUENCARRAL-EL PARDO,OPERATIVO,40.48319538,-3.69964634,CALLE,PEDRO RICO,41
529691,LA PAZ,FUENCARRAL-EL PARDO,OPERATIVO,40.48128170,-3.69989992,CALLE,ANTONIO LOPEZ AGUADO,12
529692,MIRASIERRA,FUENCARRAL-EL PARDO,OPERATIVO,40.49447162,-3.71889954,AVENIDA,VENTISQUERO DE LA CONDESA,48
529696,PILAR,FUENCARRAL-EL PARDO,OPERATIVO,40.48130290,-3.71109432,CALLE,SANTIAGO DE COMPOSTELA,72
529697,PILAR,FUENCARRAL-EL PARDO,OPERATIVO,40.47340675,-3.70359277,AVENIDA,EL FERROL,7
529699,LA PAZ,FUENCARRAL-EL PARDO,OPERATIVO,40.47895405,-3.69234627,AVENIDA,MONFORTE DE LEMOS,11
530012,PUEBLO NUEVO,CIUDAD LINEAL,OPERATIVO,40.42227602,-3.63479049,CALLE,NICOLAS SALMERON,1
530013,PUEBLO NUEVO,CIUDAD LINEAL,OPERATIVO,40.42225924,-3.63429116,CALLE,NICOLAS SALMERON,1
530016,PUEBLO NUEVO,CIUDAD LINEAL,OPERATIVO,40.42087457,-3.62785810,CALLE,MATAMOROSA,11
530017,PUEBLO NUEVO,CIUDAD LINEAL,OPERATIVO,40.42153626,-3.62833713,CALLE,VILLASILOS,12
530018,COSTILLARES,CIUDAD LINEAL,OPERATIVO,40.47523490,-3.66573954,CALLE,GOLFO DE SALONICA,1
530019,SAN JUAN BAUTISTA,CIUDAD LINEAL,OPERATIVO,40.45073469,-3.66066947,CALLE,RAFAEL BERGAMIN,7
530020,PUEBLO NUEVO,CIUDAD LINEAL,OPERATIVO,40.42958109,-3.64180831,CALLE,ASCAO,4
530021,VENTAS,CIUDAD LINEAL,OPERATIVO,40.42930892,-3.65270887,AVENIDA,DAROCA,60
530024,COSTILLARES,CIUDAD LINEAL,OPERATIVO,40.46797665,-3.66602368,CALLE,ARTURO SORIA,252
530025,QUINTANA,CIUDAD LINEAL,OPERATIVO,40.43997966,-3.63945647,CALLE,ARTURO SORIA,18
530029,SAN JUAN BAUTISTA,CIUDAD LINEAL,OPERATIVO,40.45469701,-3.65526036,CALLE,ARTURO SORIA,164
529703,VALVERDE,FUENCARRAL-EL PARDO,OPERATIVO,40.50682480,-3.68557537,CALLE,NUESTRA SEÑORA DE VALVERDE,225
529709,LA PAZ,FUENCARRAL-EL PARDO,OPERATIVO,40.47780394,-3.70223029,CALLE,FINISTERRE,19
529710,PEÑAGRANDE,FUENCARRAL-EL PARDO,OPERATIVO,40.47966020,-3.71919216,CALLE,FERMIN CABALLERO,88
529712,MIRASIERRA,FUENCARRAL-EL PARDO,OPERATIVO,40.49190786,-3.72295884,CALLE,SENDA DEL INFANTE,36
529713,PEÑAGRANDE,FUENCARRAL-EL PARDO,OPERATIVO,40.48336096,-3.72231689,CALLE,RAMON GOMEZ DE LA SERNA,14
529715,PEÑAGRANDE,FUENCARRAL-EL PARDO,OPERATIVO,40.47400078,-3.72045069,CALLE,CESAR MANRIQUE,11
529716,VALVERDE,FUENCARRAL-EL PARDO,OPERATIVO,40.49193007,-3.69194148,CALLE,MANRESA,32
529721,LA PAZ,FUENCARRAL-EL PARDO,OPERATIVO,40.48023360,-3.69479322,AVENIDA,MONFORTE DE LEMOS,10
529724,LA PAZ,FUENCARRAL-EL PARDO,OPERATIVO,40.47796481,-3.69791337,CALLE,MELCHOR FERNANDEZ ALMAGRO,8
529727,PEÑAGRANDE,FUENCARRAL-EL PARDO,OPERATIVO,40.47354665,-3.71810378,CALLE,CANDIDO MATEOS,15
529729,PILAR,FUENCARRAL-EL PARDO,OPERATIVO,40.47529161,-3.71088822,CALLE,MELCHOR FERNANDEZ ALMAGRO,84
529734,MIRASIERRA,FUENCARRAL-EL PARDO,OPERATIVO,40.48823878,-3.71961140,CALLE,VALLE DE ENMEDIO,23
529737,EL PARDO,FUENCARRAL-EL PARDO,OPERATIVO,40.53472846,-3.78191719,CALLE,HEROISMO,95
529738,VALVERDE,FUENCARRAL-EL PARDO,OPERATIVO,40.48514025,-3.68593711,CALLE,ANGEL MUGICA,9
529739,PILAR,FUENCARRAL-EL PARDO,OPERATIVO,40.47985043,-3.71054144,PASEO,VAGUADA,13
529740,PILAR,FUENCARRAL-EL PARDO,OPERATIVO,40.47182046,-3.71313977,CALLE,BECERREA,9
530032,LA CONCEPCIÓN,CIUDAD LINEAL,OPERATIVO,40.44444257,-3.64515879,CALLE,ARTURO SORIA,57
530033,LA CONCEPCIÓN,CIUDAD LINEAL,OPERATIVO,40.44034155,-3.64803033,CALLE,INDULGENCIA,6
530036,SAN PASCUAL,CIUDAD LINEAL,OPERATIVO,40.44595479,-3.64804785,CALLE,ARTURO SORIA,77
530038,VENTAS,CIUDAD LINEAL,OPERATIVO,40.43005603,-3.65265508,CALLE,MATEO GARCIA,35
530041,PUEBLO NUEVO,CIUDAD LINEAL,OPERATIVO,40.42129882,-3.62816417,CALLE,VILLASILOS,12
530044,VENTAS,CIUDAD LINEAL,OPERATIVO,40.43129866,-3.64822045,CALLE,JOSE MARIA PEREDA,22
530045,VENTAS,CIUDAD LINEAL,OPERATIVO,40.42839460,-3.64922986,CALLE,HERMANOS GOMEZ,50
530049,VENTAS,CIUDAD LINEAL,OPERATIVO,40.43014335,-3.64887218,CALLE,HERMANOS MACHADO,46
530051,LA CONCEPCIÓN,CIUDAD LINEAL,OPERATIVO,40.44199244,-3.64577823,CALLE,MARQUES DE PICO VELASCO,44
530052,PUEBLO NUEVO,CIUDAD LINEAL,OPERATIVO,40.41821509,-3.62739848,CALLE,NICOLAS SALMERON,23
530053,PUEBLO NUEVO,CIUDAD LINEAL,OPERATIVO,40.42674000,-3.63282022,CALLE,JOSE ARCONES GIL,126
530056,COSTILLARES,CIUDAD LINEAL,OPERATIVO,40.46975272,-3.66665378,CALLE,ARTURO SORIA,264
530057,PUEBLO NUEVO,CIUDAD LINEAL,OPERATIVO,40.43447326,-3.64119246,CALLE,GOMEZ DE AVELLANEDA,37
530058,VENTAS,CIUDAD LINEAL,OPERATIVO,40.42931116,-3.64968263,CALLE,SERVANDO BATANERO,8 B
530059,LA CONCEPCIÓN,CIUDAD LINEAL,OPERATIVO,40.44136836,-3.64848605,CALLE,BATERIAS,4
530061,QUINTANA,CIUDAD LINEAL,OPERATIVO,40.43330614,-3.64820483,CALLE,ALCALA,337
530062,PUEBLO NUEVO,CIUDAD LINEAL,OPERATIVO,40.43495986,-3.63673922,CALLE,VIRGEN DE LA VEGA,6
529743,EL PARDO,FUENCARRAL-EL PARDO,OPERATIVO,40.53244322,-3.77987257,CALLE,REGIMIENTO,12
529745,PILAR,FUENCARRAL-EL PARDO,OPERATIVO,40.47955407,-3.71112821,PASEO,VAGUADA,13
529746,PILAR,FUENCARRAL-EL PARDO,OPERATIVO,40.47941711,-3.71171312,AVENIDA,MONFORTE DE LEMOS,42
529748,PILAR,FUENCARRAL-EL PARDO,OPERATIVO,40.47891558,-3.71152143,AVENIDA,MONFORTE DE LEMOS,42
529751,LA PAZ,FUENCARRAL-EL PARDO,OPERATIVO,40.48045093,-3.69629831,CALLE,ARZOBISPO MORCILLO,11
529753,PEÑAGRANDE,FUENCARRAL-EL PARDO,OPERATIVO,40.48149476,-3.71621246,CALLE,ISLA DE AROSA,16
529754,EL PARDO,FUENCARRAL-EL PARDO,OPERATIVO,40.51597324,-3.77531293,CALLE,BRUNETE,15
529757,VALVERDE,FUENCARRAL-EL PARDO,OPERATIVO,40.49682858,-3.69001449,CALLE,SANTA ANA BAJA,39
529759,VALVERDE,FUENCARRAL-EL PARDO,OPERATIVO,40.49284473,-3.68912529,CALLE,SANDALIO LOPEZ,1
529760,PEÑAGRANDE,FUENCARRAL-EL PARDO,OPERATIVO,40.47903108,-3.72419030,CALLE,ISLA DE YESO,6
529762,MIRASIERRA,FUENCARRAL-EL PARDO,OPERATIVO,40.50137836,-3.70226164,CALLE,ARNEDILLO,18
529765,MIRASIERRA,FUENCARRAL-EL PARDO,OPERATIVO,40.50087134,-3.70252780,CALLE,ALGARROBO,20
530074,CANILLAS,HORTALEZA,FUERA_DE_SERVICIO,40.46806607,-3.63137008,CALLE,LAS PEDROÑERAS,39
530075,APOSTOL SANTIAGO,HORTALEZA,OPERATIVO,40.47364238,-3.65641723,CARRETERA,ESTACION DE HORTALEZA,5
530081,PIOVERA,HORTALEZA,OPERATIVO,40.45101189,-3.64775864,AVENIDA,CARONDELET,1
530083,PINAR DEL REY,HORTALEZA,OPERATIVO,40.47595676,-3.64423022,CALLE,MAR MENOR,23
530087,PINAR DEL REY,HORTALEZA,OPERATIVO,40.46727794,-3.66195360,PLAZA,GOLMAYO,17
530088,CANILLAS,HORTALEZA,OPERATIVO,40.46763704,-3.63857872,CALLE,MALAGON,4
529766,VALVERDE,FUENCARRAL-EL PARDO,OPERATIVO,40.50382054,-3.66901536,CALLE,SIERRA DE ATAPUERCA,38
529768,CIUDAD UNIVERSITARIA,MONCLOA-ARAVACA,OPERATIVO,40.47414338,-3.74330200,CALLE,ARROYOFRESNO,15
529770,CASA DE CAMPO,MONCLOA-ARAVACA,OPERATIVO,40.42848654,-3.73092116,CALLE,ANICETO MARINAS,100
529772,CASA DE CAMPO,MONCLOA-ARAVACA,OPERATIVO,40.43307406,-3.73520431,CALLE,ANICETO MARINAS,116
529773,CASA DE CAMPO,MONCLOA-ARAVACA,OPERATIVO,40.42655673,-3.72413650,CALLE,FRANCISCO Y JACINTO ALCANTARA,2
529775,CASA DE CAMPO,MONCLOA-ARAVACA,OPERATIVO,40.42395521,-3.72617087,CALLE,RIBERA DEL MANZANARES,51
529776,CASA DE CAMPO,MONCLOA-ARAVACA,OPERATIVO,40.42530276,-3.72796465,CALLE,RIBERA DEL MANZANARES,75
529781,CASA DE CAMPO,MONCLOA-ARAVACA,OPERATIVO,40.42387810,-3.72351412,CALLE,MOZART,17
529784,ARAVACA,MONCLOA-ARAVACA,OPERATIVO,40.45611783,-3.78195610,CALLE,BAJA DE LA IGLESIA,31
529787,ARAVACA,MONCLOA-ARAVACA,OPERATIVO,40.45446045,-3.77882981,CALLE,BOLA DEL MUNDO,14
529789,ARAVACA,MONCLOA-ARAVACA,OPERATIVO,40.45163851,-3.76861405,CALLE,ARROYO DE POZUELO,7
529791,ARAVACA,MONCLOA-ARAVACA,OPERATIVO,40.45275312,-3.77723365,CALLE,ARROYO DE POZUELO,71
529794,CASA DE CAMPO,MONCLOA-ARAVACA,OPERATIVO,40.42927686,-3.72902539,AVENIDA,VALLADOLID,9
529797,CASA DE CAMPO,MONCLOA-ARAVACA,OPERATIVO,40.42764409,-3.72783881,AVENIDA,VALLADOLID,27
529799,ARAVACA,MONCLOA-ARAVACA,OPERATIVO,40.44774544,-3.78920727,AVENIDA,TALGO,153
530089,PIOVERA,HORTALEZA,OPERATIVO,40.46155263,-3.62725636,CALLE,DIONISIO INCA YUPANQUI,57
530090,PIOVERA,HORTALEZA,OPERATIVO,40.46155283,-3.63277184,CALLE,DIONISIO INCA YUPANQUI,13
530094,PINAR DEL REY,HORTALEZA,OPERATIVO,40.47563834,-3.64639815,CALLE,MAR DE LAS ANTILLAS,10
530095,PIOVERA,HORTALEZA,OPERATIVO,40.44962402,-3.63993899,AVENIDA,CARONDELET,35
530104,CANILLAS,HORTALEZA,OPERATIVO,40.46531291,-3.63164835,CALLE,MOTA DEL CUERVO,13
530106,PINAR DEL REY,HORTALEZA,OPERATIVO,40.47390221,-3.64231989,PLAZA,DOCTOR CALVO PEREZ,1
530108,PINAR DEL REY,HORTALEZA,OPERATIVO,40.47303854,-3.64299575,CALLE,LIBERACION,1
530111,APOSTOL SANTIAGO,HORTALEZA,OPERATIVO,40.47203600,-3.65820351,CALLE,VELACHO ALTO,3
530113,APOSTOL SANTIAGO,HORTALEZA,OPERATIVO,40.48006808,-3.66140899,CALLE,PURCHENA,62
530115,PIOVERA,HORTALEZA,OPERATIVO,40.46017210,-3.62350701,CALLE,FRANCISCO MOREJON,9
530117,APOSTOL SANTIAGO,HORTALEZA,OPERATIVO,40.47448423,-3.65685399,CALLE,TRINQUETE,25
530119,CANILLAS,HORTALEZA,OPERATIVO,40.46245066,-3.64145717,CALLE,CALANDA,30
530120,SAN JUAN BAUTISTA,CIUDAD LINEAL,OPERATIVO,40.44852524,-3.65730138,CALLE,TORRELAGUNA,81
530122,PINAR DEL REY,HORTALEZA,OPERATIVO,40.47077819,-3.64357783,CALLE,ESTRECHO DE ORMUZ,6
530123,CANILLAS,HORTALEZA,OPERATIVO,40.46507781,-3.63100360,CALLE,MOTA DEL CUERVO,72
530124,PINAR DEL REY,HORTALEZA,OPERATIVO,40.47468605,-3.64523594,CALLE,MAR DE LAS ANTILLAS,8
530126,CANILLAS,HORTALEZA,OPERATIVO,40.46278459,-3.62928266,CALLE,SILVANO,150
529801,ARAVACA,MONCLOA-ARAVACA,OPERATIVO,40.44955984,-3.78755705,CALLE,CORONA AUSTRAL,16
529802,ARAVACA,MONCLOA-ARAVACA,OPERATIVO,40.45091365,-3.76977809,CALLE,ROSA LUXEMBURGO,10
529804,ARAVACA,MONCLOA-ARAVACA,OPERATIVO,40.44975791,-3.77402497,CALLE,SEIS DE DICIEMBRE,41
529805,ARAVACA,MONCLOA-ARAVACA,OPERATIVO,40.45070475,-3.77399830,CALLE,ROSA LUXEMBURGO,30
529806,ARAVACA,MONCLOA-ARAVACA,OPERATIVO,40.45009404,-3.77247486,CALLE,SEIS DE DICIEMBRE,20
529807,ARAVACA,MONCLOA-ARAVACA,OPERATIVO,40.44986112,-3.76562876,CALLE,AZAFRAN,16
529808,ARAVACA,MONCLOA-ARAVACA,OPERATIVO,40.45100492,-3.77773064,CALLE,ROSA LUXEMBURGO,49
529811,ARAVACA,MONCLOA-ARAVACA,OPERATIVO,40.45193653,-3.77877572,CALLE,FLUORITA,15
529814,ARAVACA,MONCLOA-ARAVACA,OPERATIVO,40.45263201,-3.75999104,CAMINO,CERRO DEL AGUILA,4
529815,CIUDAD UNIVERSITARIA,MONCLOA-ARAVACA,OPERATIVO,40.46349533,-3.72117532,CALLE,ISLA DE OZA,82
529818,VALDEZARZA,MONCLOA-ARAVACA,OPERATIVO,40.46659424,-3.71845477,CALLE,VALDERREY,52
529820,VALDEZARZA,MONCLOA-ARAVACA,OPERATIVO,40.46645482,-3.71823228,CALLE,VALDERREY,52
529824,VALDEZARZA,MONCLOA-ARAVACA,OPERATIVO,40.46678805,-3.71617154,CALLE,VALDEVERDEJA,13
529826,CIUDAD UNIVERSITARIA,MONCLOA-ARAVACA,OPERATIVO,40.45294334,-3.71615615,CALLE,ARQUITECTO SANCHEZ ARCAS,3
529827,CIUDAD UNIVERSITARIA,MONCLOA-ARAVACA,OPERATIVO,40.45366397,-3.71534159,CALLE,ARQUITECTO SANCHEZ ARCAS,7 B
529828,CIUDAD UNIVERSITARIA,MONCLOA-ARAVACA,OPERATIVO,40.44875778,-3.71379475,CALLE,ALMANSA,99
530128,VALDEFUENTES,HORTALEZA,OPERATIVO,40.48816620,-3.66316557,CALLE,OÑA,83
530131,CANILLAS,HORTALEZA,OPERATIVO,40.46816475,-3.63073756,CALLE,LAS PEDROÑERAS,50
530135,PINAR DEL REY,HORTALEZA,OPERATIVO,40.47622016,-3.64485305,CALLE,SANTA VIRGILIA,4
530148,PINAR DEL REY,HORTALEZA,OPERATIVO,40.48006593,-3.64921074,CALLE,SANTA ADELA,2
530149,PINAR DEL REY,HORTALEZA,OPERATIVO,40.48050779,-3.65001676,CARRETERA,ESTACION DE HORTALEZA,18
530151,PINAR DEL REY,HORTALEZA,OPERATIVO,40.47524539,-3.65239913,AVENIDA,VIRGEN DEL CARMEN,29
530155,VALDEFUENTES,HORTALEZA,OPERATIVO,40.50632821,-3.63841568,CALLE,PADRE ARRUPE,21
530157,PALOMAS,HORTALEZA,OPERATIVO,40.45499119,-3.61694471,AVENIDA,PRUNOS,120
530159,PINAR DEL REY,HORTALEZA,FUERA_DE_SERVICIO,40.47134316,-3.65537974,AVENIDA,SAN LUIS,23 B
530161,PINAR DEL REY,HORTALEZA,OPERATIVO,40.47166197,-3.64348690,CALLE,PAULA DE LA VEGA,13
530162,PALOMAS,HORTALEZA,OPERATIVO,40.45345947,-3.62536276,AVENIDA,ANDES,9
530163,VALDEFUENTES,HORTALEZA,OPERATIVO,40.47845044,-3.63231037,CALLE,RAFAELA APARICIO,14 C
530165,VALDEFUENTES,HORTALEZA,OPERATIVO,40.47486898,-3.62874213,CAMINO,ALTO DE HORTALEZA,2
530167,PINAR DEL REY,HORTALEZA,OPERATIVO,40.47337396,-3.63372472,CALLE,CHUCURI,12
530169,PALOMAS,HORTALEZA,OPERATIVO,40.45367765,-3.60946015,CALLE,VIZCONDE DE UZQUETA,36
530170,PINAR DEL REY,HORTALEZA,OPERATIVO,40.46850992,-3.65678987,AVENIDA,GRAN VIA DE HORTALEZA,5 N
529829,CIUDAD UNIVERSITARIA,MONCLOA-ARAVACA,OPERATIVO,40.45351861,-3.71437189,AVENIDA,DOCTOR FEDERICO RUBIO Y GALI,63
529830,EL PLANTIO,MONCLOA-ARAVACA,OPERATIVO,40.47175086,-3.82544942,CALLE,RAFAEL VILLA,74
529832,ARAVACA,MONCLOA-ARAVACA,OPERATIVO,40.45730916,-3.76555227,CALLE,SIGÜENZA,28
529833,VALDEMARIN,MONCLOA-ARAVACA,OPERATIVO,40.46653868,-3.78801529,CAMINO,ZARZUELA,29
529834,ARAVACA,MONCLOA-ARAVACA,OPERATIVO,40.45527830,-3.76649666,RONDA,BUGANVILLA DEL REY,90
529837,VALDEMARIN,MONCLOA-ARAVACA,OPERATIVO,40.46695653,-3.78668996,AVENIDA,VALDEMARIN,107
529838,EL PLANTIO,MONCLOA-ARAVACA,OPERATIVO,40.46830597,-3.81824818,CALLE,MARTIN PESCADOR,2
529839,VALDEMARIN,MONCLOA-ARAVACA,OPERATIVO,40.47076369,-3.78776399,CALLE,CABELLERA DE BERENICE,43
529841,EL PLANTIO,MONCLOA-ARAVACA,OPERATIVO,40.47387647,-3.83116254,CALLE,FEDERICO AGUSTI,15
529850,ARAVACA,MONCLOA-ARAVACA,OPERATIVO,40.45273501,-3.78288121,CALLE,HUMERA,40
530172,PALOMAS,HORTALEZA,OPERATIVO,40.45051551,-3.61876604,CALLE,PEONIAS,2
530174,PALOMAS,HORTALEZA,OPERATIVO,40.45052542,-3.61829406,CALLE,ESPIREA,2
530176,CANILLAS,HORTALEZA,OPERATIVO,40.46437010,-3.65623116,CALLE,LOPEZ DE HOYOS,329
530178,APOSTOL SANTIAGO,HORTALEZA,OPERATIVO,40.47687941,-3.65633249,CALLE,MONOVAR,6
530182,APOSTOL SANTIAGO,HORTALEZA,OPERATIVO,40.47150172,-3.65961798,AVENIDA,SAN LUIS,110
530183,APOSTOL SANTIAGO,HORTALEZA,OPERATIVO,40.47766599,-3.66142059,CALLE,VELEZ RUBIO,83
530187,PINAR DEL REY,HORTALEZA,OPERATIVO,40.47384793,-3.64862659,CALLE,BAHIA DE ALGECIRAS,24
530188,APOSTOL SANTIAGO,HORTALEZA,OPERATIVO,40.47594188,-3.66325977,CALLE,VELEZ RUBIO,1 B
530189,APOSTOL SANTIAGO,HORTALEZA,OPERATIVO,40.47683517,-3.66238051,CALLE,BACARES,22
530190,PIOVERA,HORTALEZA,OPERATIVO,40.46023783,-3.62558058,CALLE,JOSE IGNACIO AVILA,7
530194,VALDEFUENTES,HORTALEZA,OPERATIVO,40.48048213,-3.62879569,CALLE,JUAN DANIEL FULLAONDO,22
529852,ARAVACA,MONCLOA-ARAVACA,OPERATIVO,40.45276731,-3.77944802,GLORIETA,RIO ZANCARA,1
529856,ARAVACA,MONCLOA-ARAVACA,OPERATIVO,40.45942513,-3.77941991,AVENIDA,OSA MAYOR,32
529858,ARAVACA,MONCLOA-ARAVACA,OPERATIVO,40.46061140,-3.78651030,CALLE,ANITA VINDEL,16
529859,CIUDAD UNIVERSITARIA,MONCLOA-ARAVACA,OPERATIVO,40.46817341,-3.72731518,CALLE,SAN MARTIN DE PORRES,6
529861,CIUDAD UNIVERSITARIA,MONCLOA-ARAVACA,OPERATIVO,40.45418930,-3.71694879,CALLE,TIRVIA,5
529863,CIUDAD UNIVERSITARIA,MONCLOA-ARAVACA,OPERATIVO,40.46480489,-3.72529464,CALLE,ISLA DE OZA,25
529865,CIUDAD UNIVERSITARIA,MONCLOA-ARAVACA,OPERATIVO,40.45934856,-3.71834386,CALLE,FRANCOS RODRIGUEZ,81
529871,LOS CARMENES,LATINA,OPERATIVO,40.40552755,-3.72832449,AVENIDA,CAPRICHOS,3
529875,ALUCHE,LATINA,OPERATIVO,40.39518004,-3.74799258,CALLE,DUQUESA DE PARCENT,54
529880,ALUCHE,LATINA,OPERATIVO,40.39383672,-3.74704180,CALLE,YEBENES,145
529882,LUCERO,LATINA,OPERATIVO,40.40101515,-3.75636608,CALLE,CONCEJAL FRANCISCO JOSE JIMENEZ MARTIN,178
529883,LUCERO,LATINA,OPERATIVO,40.39996458,-3.75591407,CALLE,SEPULVEDA,218
529884,LUCERO,LATINA,OPERATIVO,40.40093524,-3.75907366,CALLE,YEBENES,6
529886,LOS CARMENES,LATINA,OPERATIVO,40.40091261,-3.74081112,CALLE,CONCEJAL FRANCISCO JOSE JIMENEZ MARTIN,76 A
529887,LUCERO,LATINA,OPERATIVO,40.40206317,-3.75855238,PASEO,EXTREMADURA,325
529888,LUCERO,LATINA,OPERATIVO,40.39977846,-3.74473748,CALLE,CONCEJAL FRANCISCO JOSE JIMENEZ MARTIN,9
530195,REJAS,SAN BLAS-CANILLEJAS,OPERATIVO,40.44816386,-3.59901622,AVENIDA,SEPTIMA,58
530196,VALDEFUENTES,HORTALEZA,OPERATIVO,40.49921395,-3.61050581,CALLE,ANTONIO MIRO VALVERDE,71
530200,VALDEFUENTES,HORTALEZA,OPERATIVO,40.49776442,-3.61828438,CALLE,FINA DE CALDERON,68
530201,VALDEFUENTES,HORTALEZA,OPERATIVO,40.48567989,-3.65823588,CALLE,INFANTA CATALINA MICAELA,3 B
530203,VALDEFUENTES,HORTALEZA,OPERATIVO,40.48603940,-3.61336050,CALLE,FERNANDO HIGUERAS,11
530206,PINAR DEL REY,HORTALEZA,OPERATIVO,40.47939948,-3.64489256,CALLE,ARCOS,5
530212,ROSAS,SAN BLAS-CANILLEJAS,OPERATIVO,40.42490015,-3.60579667,PASEO,GINEBRA,11
530214,CANILLAS,HORTALEZA,OPERATIVO,40.46523226,-3.65054629,CALLE,BENITA AVILA,17
530215,ROSAS,SAN BLAS-CANILLEJAS,OPERATIVO,40.42968830,-3.60490148,CALLE,MANCHESTER,12 C
530217,REJAS,SAN BLAS-CANILLEJAS,OPERATIVO,40.44880646,-3.59472553,CALLE,CINCO,4
530218,ROSAS,SAN BLAS-CANILLEJAS,OPERATIVO,40.43006221,-3.60201126,CALLE,MANCHESTER,32
530219,VALDEFUENTES,HORTALEZA,OPERATIVO,40.48520821,-3.65529721,CALLE,INFANTA CATALINA MICAELA,15 B
530221,APOSTOL SANTIAGO,HORTALEZA,OPERATIVO,40.46869089,-3.66241189,CALLE,AÑASTRO,13 D
530223,ROSAS,SAN BLAS-CANILLEJAS,OPERATIVO,40.42419540,-3.60481074,PASEO,GINEBRA,12 B
530225,ROSAS,SAN BLAS-CANILLEJAS,OPERATIVO,40.43131694,-3.60253820,CALLE,LIVERPOOL,9
529889,LUCERO,LATINA,OPERATIVO,40.39856374,-3.74846732,CALLE,CUART DE POBLET,63
529890,LUCERO,LATINA,OPERATIVO,40.40005479,-3.74735882,CALLE,CONCEJAL FRANCISCO JOSE JIMENEZ MARTIN,130
529892,ALUCHE,LATINA,OPERATIVO,40.39543399,-3.75904004,CALLE,TEMBLEQUE,50
529893,ALUCHE,LATINA,OPERATIVO,40.38932435,-3.75925433,CALLE,VALMOJADO,12
529896,CUATRO VIENTOS,LATINA,OPERATIVO,40.36836874,-3.76468751,AVENIDA,PESETA,15 A
529897,PUERTA DEL ANGEL,LATINA,OPERATIVO,40.40785652,-3.72941734,CALLE,CARAMUEL,53
529899,CAMPAMENTO,LATINA,OPERATIVO,40.38180079,-3.79107823,CALLE,GRANADEROS,17
529902,CAMPAMENTO,LATINA,OPERATIVO,40.37943407,-3.79484113,AVENIDA,ARQUEROS,27 B
529905,CAMPAMENTO,LATINA,OPERATIVO,40.37898945,-3.79532915,AVENIDA,ARQUEROS,31
529907,AGUILAS,LATINA,OPERATIVO,40.38542285,-3.76708195,CALLE,NAVIA,12
529909,AGUILAS,LATINA,OPERATIVO,40.38587021,-3.76648758,CALLE,LUIS CHAMIZO,6
529912,LOS CARMENES,LATINA,OPERATIVO,40.40248509,-3.74431141,CALLE,ALHAMBRA,23
529913,CAMPAMENTO,LATINA,OPERATIVO,40.39648307,-3.77055300,CALLE,CARDAÑO,8
529914,CAMPAMENTO,LATINA,OPERATIVO,40.39431403,-3.77433336,CALLE,DANIEL SEGOVIA,17
529915,PUERTA DEL ANGEL,LATINA,OPERATIVO,40.40860262,-3.73610414,CALLE,JUAN ANTON,34
529917,AGUILAS,LATINA,OPERATIVO,40.38305680,-3.78257040,CALLE,FUENTE DE LIMA,17
529919,LUCERO,LATINA,OPERATIVO,40.40273976,-3.75217950,CALLE,SEPULVEDA,202
529922,AGUILAS,LATINA,OPERATIVO,40.38068242,-3.78310757,AVENIDA,LAS AGUILAS,142 C
529925,AGUILAS,LATINA,OPERATIVO,40.37513850,-3.75936153,CALLE,MASCARAQUE,44
529927,AGUILAS,LATINA,OPERATIVO,40.38406013,-3.76079546,AVENIDA,POBLADOS,64
529928,AGUILAS,LATINA,OPERATIVO,40.38359073,-3.76324714,CALLE,VIDAUBA,4
529929,ALUCHE,LATINA,OPERATIVO,40.39243507,-3.76716092,CALLE,TEMBLEQUE,134
529935,ALUCHE,LATINA,OPERATIVO,40.39105856,-3.75990511,CALLE,QUERO,35
529938,PUEBLO NUEVO,CIUDAD LINEAL,OPERATIVO,40.42653311,-3.64427327,CALLE,ARRIAGA,25
529939,LUCERO,LATINA,OPERATIVO,40.40306226,-3.74556170,CALLE,HIGUERAS,38
530226,VALDEFUENTES,HORTALEZA,OPERATIVO,40.49280375,-3.64946079,CALLE,FERNANDO DE ROJAS,1
530228,VALDEFUENTES,HORTALEZA,OPERATIVO,40.47949198,-3.62638545,CALLE,FRANCISCO UMBRAL,41
530230,APOSTOL SANTIAGO,HORTALEZA,OPERATIVO,40.47532743,-3.65565124,CARRETERA,ESTACION DE HORTALEZA,7
530232,CANILLAS,HORTALEZA,OPERATIVO,40.46352902,-3.63891734,CALLE,ALCORISA,57
530234,REJAS,SAN BLAS-CANILLEJAS,OPERATIVO,40.44711993,-3.59470295,CALLE,OCHO,7
530236,CANILLAS,HORTALEZA,OPERATIVO,40.46634895,-3.63405350,CALLE,PEDRO ALONSO,3
530237,PINAR DEL REY,HORTALEZA,OPERATIVO,40.47024109,-3.64861977,CALLE,ANGEL LUIS DE LA HERRAN,38
530241,VALDEFUENTES,HORTALEZA,OPERATIVO,40.49172382,-3.65085460,CALLE,PRINCIPE CARLOS,36
530243,APOSTOL SANTIAGO,HORTALEZA,OPERATIVO,40.47872379,-3.66041514,CALLE,VELEZ RUBIO,145
530245,HELLIN,SAN BLAS-CANILLEJAS,FUERA_DE_SERVICIO,40.43339557,-3.61393083,CALLE,ALBAIDA,78
530250,SIMANCAS,SAN BLAS-CANILLEJAS,OPERATIVO,40.43481407,-3.62463596,CALLE,JUAN DE ARESPACOCHAGA Y FELIPE,3
530252,ROSAS,SAN BLAS-CANILLEJAS,OPERATIVO,40.42025208,-3.61069928,AVENIDA,CANILLEJAS A VICALVARO,167
530254,SIMANCAS,SAN BLAS-CANILLEJAS,OPERATIVO,40.42948427,-3.62901846,CALLE,CASTROPOL,17
530255,SIMANCAS,SAN BLAS-CANILLEJAS,OPERATIVO,40.43434911,-3.62497405,CALLE,RUFINO GONZALEZ,54 B
530257,EL SALVADOR,SAN BLAS-CANILLEJAS,OPERATIVO,40.44630048,-3.63762758,CALLE,BELICE,3
530258,EL SALVADOR,SAN BLAS-CANILLEJAS,OPERATIVO,40.44028813,-3.63408980,CALLE,RIOBAMBA,13
530259,ROSAS,SAN BLAS-CANILLEJAS,OPERATIVO,40.43153106,-3.60837466,AVENIDA,NIZA,55
530262,ROSAS,SAN BLAS-CANILLEJAS,OPERATIVO,40.42371880,-3.61014676,AVENIDA,GUADALAJARA,113
530264,ROSAS,SAN BLAS-CANILLEJAS,OPERATIVO,40.43076523,-3.61077834,CALLE,AINSA,11
530265,ROSAS,SAN BLAS-CANILLEJAS,OPERATIVO,40.43444440,-3.60739958,PLAZA,GRECIA,2
530267,ROSAS,SAN BLAS-CANILLEJAS,OPERATIVO,40.42574921,-3.60909730,CALLE,BUTRON,17
530268,ARCOS,SAN BLAS-CANILLEJAS,OPERATIVO,40.42727906,-3.61187476,CALLE,ARCOS DE JALON,124
530269,ARCOS,SAN BLAS-CANILLEJAS,OPERATIVO,40.42213147,-3.62546458,CALLE,ARCOS DE JALON,1
530270,ROSAS,SAN BLAS-CANILLEJAS,OPERATIVO,40.42233189,-3.60099007,CALLE,SOFIA,177 F
530271,ARCOS,SAN BLAS-CANILLEJAS,OPERATIVO,40.41923393,-3.62388539,CALLE,HERMANOS GARCIA NOBLEJAS,133
530273,ARCOS,SAN BLAS-CANILLEJAS,OPERATIVO,40.42131859,-3.62183495,CALLE,SAN ROMAN DEL VALLE,6
530276,CANILLEJAS,SAN BLAS-CANILLEJAS,OPERATIVO,40.43725052,-3.61192907,CALLE,TROYA,11
530281,CANILLEJAS,SAN BLAS-CANILLEJAS,OPERATIVO,40.44291299,-3.61056260,CALLE,NECTAR,45
530282,SIMANCAS,SAN BLAS-CANILLEJAS,OPERATIVO,40.44140317,-3.61792015,CALLE,OSIRIS,15
530283,CANILLEJAS,SAN BLAS-CANILLEJAS,OPERATIVO,40.44208363,-3.61171844,CALLE,SAN MARIANO,37
529940,LUCERO,LATINA,OPERATIVO,40.40904368,-3.74468934,CALLE,DANTE,15
529941,AGUILAS,LATINA,OPERATIVO,40.38193016,-3.77254258,CALLE,JOSE DE CADALSO,14
529943,LOS CARMENES,LATINA,OPERATIVO,40.40492092,-3.73101999,CALLE,FUENDETODOS,2
529944,LA CONCEPCIÓN,CIUDAD LINEAL,OPERATIVO,40.43530292,-3.65438146,CALLE,VIRGEN DE LLUC,8
529946,LUCERO,LATINA,OPERATIVO,40.40134141,-3.74976148,CALLE,LA LATINA,5
529947,LUCERO,LATINA,OPERATIVO,40.40719723,-3.74389858,CALLE,HIGUERAS,15
529952,CAMPAMENTO,LATINA,OPERATIVO,40.39353674,-3.77259213,CALLE,SEBASTIAN ALVARO,10
529955,QUINTANA,CIUDAD LINEAL,OPERATIVO,40.43979342,-3.64093891,CALLE,MISTERIOS,20
529957,AGUILAS,LATINA,OPERATIVO,40.37749761,-3.77961642,PLAZA,VIRGEN DE LOS LLANOS,5
529958,PUEBLO NUEVO,CIUDAD LINEAL,OPERATIVO,40.42542457,-3.64269895,CALLE,ARRIAGA,45
529959,VENTAS,CIUDAD LINEAL,OPERATIVO,40.42043208,-3.65471980,CALLE,POETA BLAS DE OTERO,22 B
529960,VENTAS,CIUDAD LINEAL,OPERATIVO,40.43051373,-3.65704087,AVENIDA,DAROCA,24
529961,PUEBLO NUEVO,CIUDAD LINEAL,OPERATIVO,40.42040595,-3.63358756,AVENIDA,DAROCA,100
529963,QUINTANA,CIUDAD LINEAL,OPERATIVO,40.43446366,-3.64769840,CALLE,GERMAN PEREZ CARRASCO,1
529964,VENTAS,CIUDAD LINEAL,OPERATIVO,40.42722445,-3.64665033,CALLE,LEDESMA,3
530284,CANILLEJAS,SAN BLAS-CANILLEJAS,OPERATIVO,40.43868320,-3.60944465,CALLE,FENELON,15
530285,CANILLEJAS,SAN BLAS-CANILLEJAS,OPERATIVO,40.43862843,-3.60853744,CALLE,FENELON,17
530288,REJAS,SAN BLAS-CANILLEJAS,OPERATIVO,40.44325605,-3.57668635,CALLE,ARCAUTE,6
530290,AMPOSTA,SAN BLAS-CANILLEJAS,OPERATIVO,40.42573362,-3.62626472,CALLE,ISANDRO,22
530296,HELLIN,SAN BLAS-CANILLEJAS,OPERATIVO,40.43358213,-3.61826179,CALLE,ALBAIDA,34
530297,CANILLEJAS,SAN BLAS-CANILLEJAS,OPERATIVO,40.44771682,-3.60939357,CALLE,BOLTAÑA,59
530299,ROSAS,SAN BLAS-CANILLEJAS,OPERATIVO,40.42996187,-3.60682726,AVENIDA,NIZA,37
530301,SIMANCAS,SAN BLAS-CANILLEJAS,OPERATIVO,40.43171206,-3.62345743,CALLE,VIRGEN DE LA OLIVA,28
530302,CANILLEJAS,SAN BLAS-CANILLEJAS,OPERATIVO,40.44519345,-3.61097013,PLAZA,VILLA DE CANILLEJAS,3
530303,EL SALVADOR,SAN BLAS-CANILLEJAS,OPERATIVO,40.44421319,-3.63461357,CALLE,LOPEZ DE ARANDA,29
529966,VENTAS,CIUDAD LINEAL,OPERATIVO,40.42283324,-3.65631341,CALLE,SAN MAXIMILIANO,2
529970,PUEBLO NUEVO,CIUDAD LINEAL,OPERATIVO,40.42251525,-3.63746031,AVENIDA,DAROCA,101
529971,SAN PASCUAL,CIUDAD LINEAL,OPERATIVO,40.43944617,-3.65728057,CALLE,SALVADOR DE MADARIAGA,9
529972,PUEBLO NUEVO,CIUDAD LINEAL,OPERATIVO,40.43109955,-3.64508148,CALLE,EZEQUIEL SOLANA,41
529973,PUEBLO NUEVO,CIUDAD LINEAL,OPERATIVO,40.42379645,-3.63924220,CALLE,ARRIAGA,77
529977,PUEBLO NUEVO,CIUDAD LINEAL,OPERATIVO,40.42566232,-3.62973859,AVENIDA,INSTITUCION LIBRE DE ENSEÑANZA,128
529982,COSTILLARES,CIUDAD LINEAL,OPERATIVO,40.48114095,-3.66953709,CALLE,CALERUEGA,72
529988,COSTILLARES,CIUDAD LINEAL,OPERATIVO,40.47599005,-3.67078516,CALLE,YERMA,9
529989,COSTILLARES,CIUDAD LINEAL,OPERATIVO,40.48187916,-3.66730705,CALLE,BRIVIESCA,5
529990,ATALAYA,CIUDAD LINEAL,OPERATIVO,40.46266638,-3.66553747,CALLE,RODRIGUEZ ILLANES,2
529996,COSTILLARES,CIUDAD LINEAL,OPERATIVO,40.48229202,-3.67116778,CALLE,CALERUEGA,63
529998,PUEBLO NUEVO,CIUDAD LINEAL,OPERATIVO,40.43040329,-3.63939707,CALLE,ASCAO,32
530001,PUEBLO NUEVO,CIUDAD LINEAL,OPERATIVO,40.41556121,-3.62595012,CALLE,MALMOE,2
530002,COSTILLARES,CIUDAD LINEAL,OPERATIVO,40.48101847,-3.67339799,PASAJE,CALERUEGA,13
530003,PUEBLO NUEVO,CIUDAD LINEAL,OPERATIVO,40.42803791,-3.63348189,CALLE,VALLE GUERRA,4
530006,LA CONCEPCIÓN,CIUDAD LINEAL,OPERATIVO,40.43412036,-3.65785558,CALLE,VIRGEN DE LA ROCA,6
530304,CORRALEJOS,BARAJAS,OPERATIVO,40.46737266,-3.59125299,CALLE,BRIONES,63
530305,ALAMEDA DE OSUNA,BARAJAS,OPERATIVO,40.45214972,-3.59327422,CALLE,OBENQUE,7
530306,CASCO HISTORICO DE BARAJAS,BARAJAS,OPERATIVO,40.47696882,-3.58009489,CALLE,JUPITER,18
530310,CASCO HISTORICO DE BARAJAS,BARAJAS,OPERATIVO,40.47448205,-3.57688983,PLAZA,JUBILADO,2
530317,ALAMEDA DE OSUNA,BARAJAS,OPERATIVO,40.45179233,-3.59315227,CALLE,OBENQUE,6
530318,ALAMEDA DE OSUNA,BARAJAS,OPERATIVO,40.45857684,-3.58314297,AVENIDA,CANTABRIA,50
530319,SIMANCAS,SAN BLAS-CANILLEJAS,FUERA_DE_SERVICIO,40.42882263,-3.62516905,CALLE,ZAYAS,8
530322,ALAMEDA DE OSUNA,BARAJAS,FUERA_DE_SERVICIO,40.45812039,-3.59368280,CALLE,ANTONIO SANCHA,2 A
530324,AEROPUERTO,BARAJAS,OPERATIVO,40.45030718,-3.58355516,CALLE,GARGANCHON,115 A
530325,ALAMEDA DE OSUNA,BARAJAS,OPERATIVO,40.45106102,-3.59763233,PASEO,VIA VERDE DE LA GASOLINA,17
530326,REJAS,SAN BLAS-CANILLEJAS,OPERATIVO,40.44438406,-3.56626435,CALLE,SEPTIEMBRE,39 B
530328,ALAMEDA DE OSUNA,BARAJAS,OPERATIVO,40.45300049,-3.59803173,PASEO,ALAMEDA DE OSUNA,50 K
530330,ALAMEDA DE OSUNA,BARAJAS,OPERATIVO,40.45929778,-3.58003603,CALLE,SOTO HIDALGO,1
530331,TIMON,BARAJAS,OPERATIVO,40.47424163,-3.58265359,CALLE,ARROYOMOLINO,4 B
530333,ALAMEDA DE OSUNA,BARAJAS,OPERATIVO,40.46207981,-3.58622450,CALLE,TINTIN Y MILU,12 P
530337,SIMANCAS,SAN BLAS-CANILLEJAS,OPERATIVO,40.43692908,-3.61677807,CALLE,ALBALA,17
530339,ALAMEDA DE OSUNA,BARAJAS,OPERATIVO,40.45498529,-3.58707795,PLAZA,NAVIO,4
530007,COSTILLARES,CIUDAD LINEAL,OPERATIVO,40.47820220,-3.66584754,CALLE,DALIA,12
530008,LA CONCEPCIÓN,CIUDAD LINEAL,OPERATIVO,40.43540576,-3.65757490,CALLE,VIRGEN DE LA ROCA,20
530009,COSTILLARES,CIUDAD LINEAL,OPERATIVO,40.47703812,-3.66683293,CALLE,GOLFO DE SALONICA,19
530010,PUEBLO NUEVO,CIUDAD LINEAL,OPERATIVO,40.42277944,-3.63392278,CALLE,FRANCISCO LARGO CABALLERO,4
530014,SAN JUAN BAUTISTA,CIUDAD LINEAL,OPERATIVO,40.45242462,-3.66080805,CALLE,TORRELAGUNA,121
530015,SAN JUAN BAUTISTA,CIUDAD LINEAL,OPERATIVO,40.45019606,-3.65160108,CALLE,ARTURO SORIA,130
530022,PUEBLO NUEVO,CIUDAD LINEAL,OPERATIVO,40.42296393,-3.63862295,AVENIDA,DAROCA,99
530023,ATALAYA,CIUDAD LINEAL,OPERATIVO,40.46384905,-3.66504233,CALLE,ARTURO SORIA,230
530026,LA CONCEPCIÓN,CIUDAD LINEAL,OPERATIVO,40.43832639,-3.64653655,CALLE,HERMANOS DE PABLO,46
530027,LA CONCEPCIÓN,CIUDAD LINEAL,OPERATIVO,40.44104921,-3.64923405,CALLE,JUAN PEREZ ZUÑIGA,2
530340,SIMANCAS,SAN BLAS-CANILLEJAS,OPERATIVO,40.43344398,-3.62139616,CALLE,MIGUEL YUSTE,70
530342,CASCO HISTORICO DE BARAJAS,BARAJAS,OPERATIVO,40.47592634,-3.57843361,CALLE,LOS PILARES,21
530345,HELLIN,SAN BLAS-CANILLEJAS,OPERATIVO,40.42686010,-3.62481843,AVENIDA,ARCENTALES,9
530350,CANILLEJAS,SAN BLAS-CANILLEJAS,OPERATIVO,40.44320705,-3.61651967,AVENIDA,CANILLEJAS A VICALVARO,4 B
530357,CASCO HISTORICO DE BARAJAS,BARAJAS,OPERATIVO,40.47355602,-3.57705377,PLAZA,MAYOR DE BARAJAS,19
530359,CASCO HISTORICO DE BARAJAS,BARAJAS,OPERATIVO,40.47347240,-3.57961667,CALLE,SATURNO,31
530360,TIMON,BARAJAS,OPERATIVO,40.47496964,-3.58983149,CALLE,PLAYA DE BOLNUEVO,34
530371,ENTREVIAS,PUENTE DE VALLECAS,FUERA_DE_SERVICIO,40.37302539,-3.66512217,RONDA,SUR,229 B
530372,PALOMERAS BAJAS,PUENTE DE VALLECAS,OPERATIVO,40.39099927,-3.65455767,AVENIDA,ALBUFERA,142 B
530373,NUMANCIA,PUENTE DE VALLECAS,OPERATIVO,40.39572148,-3.65494716,CALLE,BENJAMIN PALENCIA,3
530028,PUEBLO NUEVO,CIUDAD LINEAL,OPERATIVO,40.43404038,-3.64456270,CALLE,GUTIERRE DE CETINA,8
530030,SAN JUAN BAUTISTA,CIUDAD LINEAL,OPERATIVO,40.45147749,-3.65253185,CALLE,ARTURO SORIA,140
530031,SAN JUAN BAUTISTA,CIUDAD LINEAL,OPERATIVO,40.44850591,-3.66018759,CALLE,EMILIANO BARRAL,8
530034,COSTILLARES,CIUDAD LINEAL,OPERATIVO,40.47388717,-3.66779907,CALLE,ARTURO SORIA,286
530035,VENTAS,CIUDAD LINEAL,OPERATIVO,40.43089495,-3.65897904,CALLE,SANTIAGO MASSARNAU,4
530039,QUINTANA,CIUDAD LINEAL,OPERATIVO,40.43730807,-3.64242207,CALLE,ELFO,143
530040,COLINA,CIUDAD LINEAL,OPERATIVO,40.45890704,-3.65945065,CALLE,ARTURO SORIA,198
530042,PUEBLO NUEVO,CIUDAD LINEAL,OPERATIVO,40.43315994,-3.64023090,CALLE,LORENZO SAN NICOLAS,13
530043,SAN PASCUAL,CIUDAD LINEAL,FUERA_DE_SERVICIO,40.44799547,-3.64993208,CALLE,ARTURO SORIA,120
530046,LA CONCEPCIÓN,CIUDAD LINEAL,OPERATIVO,40.43258887,-3.65862281,CALLE,VIRGEN DE LA ALEGRIA,9
530047,VENTAS,CIUDAD LINEAL,OPERATIVO,40.43172037,-3.64909764,CALLE,HERMANOS MACHADO,15
530048,QUINTANA,CIUDAD LINEAL,OPERATIVO,40.43881396,-3.63854808,CALLE,ARTURO SORIA,10
530050,PUEBLO NUEVO,CIUDAD LINEAL,OPERATIVO,40.43126934,-3.63489873,CALLE,LA GUANCHA,4
530054,SAN PASCUAL,CIUDAD LINEAL,OPERATIVO,40.44188466,-3.65114865,CALLE,TORRELAGUNA,32
530055,PUEBLO NUEVO,CIUDAD LINEAL,OPERATIVO,40.42562662,-3.64105261,CALLE,EZEQUIEL SOLANA,124
530060,PUEBLO NUEVO,CIUDAD LINEAL,OPERATIVO,40.42578837,-3.64350773,CALLE,ARRIAGA,41
530065,SAN JUAN BAUTISTA,CIUDAD LINEAL,OPERATIVO,40.45124972,-3.65822416,CALLE,SORZANO,3
530374,PALOMERAS BAJAS,PUENTE DE VALLECAS,OPERATIVO,40.37709663,-3.65911912,CALLE,PUERTO DE BALBARAN,131
530375,NUMANCIA,PUENTE DE VALLECAS,OPERATIVO,40.39937723,-3.65440608,CALLE,RAMON PEREZ DE AYALA,44
530376,NUMANCIA,PUENTE DE VALLECAS,OPERATIVO,40.39747769,-3.65697572,CALLE,LOPEZ GRASS,62
530380,PORTAZGO,PUENTE DE VALLECAS,OPERATIVO,40.39675465,-3.64611409,CALLE,EL BOSCO,28
530385,NUMANCIA,PUENTE DE VALLECAS,OPERATIVO,40.40257264,-3.66365662,CALLE,PICO ALMANZOR,2
530388,PALOMERAS SURESTE,PUENTE DE VALLECAS,FUERA_DE_SERVICIO,40.39332462,-3.63648049,AVENIDA,RAFAEL ALBERTI,1
530389,PALOMERAS SURESTE,PUENTE DE VALLECAS,OPERATIVO,40.38840999,-3.63395210,AVENIDA,MIGUEL HERNANDEZ,11
530391,ENTREVIAS,PUENTE DE VALLECAS,OPERATIVO,40.37302843,-3.65748114,AVENIDA,GLORIETAS,35
530392,ENTREVIAS,PUENTE DE VALLECAS,OPERATIVO,40.37699526,-3.66986223,CALLE,BENAMEJI,39
530393,ENTREVIAS,PUENTE DE VALLECAS,OPERATIVO,40.38042561,-3.67074123,CALLE,HERNANDEZ MAS,30
530394,SAN DIEGO,PUENTE DE VALLECAS,OPERATIVO,40.39563039,-3.66729336,CALLE,PEÑA GORBEA,8
530395,ENTREVIAS,PUENTE DE VALLECAS,OPERATIVO,40.36971268,-3.66107348,CALLE,CABO DE TARIFA,94
530396,ENTREVIAS,PUENTE DE VALLECAS,FUERA_DE_SERVICIO,40.38016007,-3.67129240,CALLE,LAGARTERA,236
530397,ENTREVIAS,PUENTE DE VALLECAS,FUERA_DE_SERVICIO,40.37527450,-3.66696764,CALLE,LOS BARROS,28
530400,SAN DIEGO,PUENTE DE VALLECAS,OPERATIVO,40.38879491,-3.66581192,CALLE,PALOMERAS,45
530073,PIOVERA,HORTALEZA,OPERATIVO,40.45100374,-3.63382552,AVENIDA,PAPA NEGRO,1
530076,CANILLAS,HORTALEZA,OPERATIVO,40.46372604,-3.63048543,CALLE,RAMON POWER,11
530077,CANILLAS,HORTALEZA,OPERATIVO,40.45778949,-3.65345841,CALLE,ULISES,23
530078,PIOVERA,HORTALEZA,OPERATIVO,40.46153812,-3.63187176,CALLE,DIONISIO INCA YUPANQUI,23
530079,PINAR DEL REY,HORTALEZA,OPERATIVO,40.47152301,-3.63886027,CALLE,CHIQUINQUIRA,2
530080,PUEBLO NUEVO,CIUDAD LINEAL,OPERATIVO,40.42495271,-3.63719698,CALLE,FERNANDO GABRIEL,20
530082,PINAR DEL REY,HORTALEZA,OPERATIVO,40.47020937,-3.63999044,CALLE,AYACUCHO,3
530084,APOSTOL SANTIAGO,HORTALEZA,OPERATIVO,40.47425426,-3.66222884,CALLE,CUEVAS DEL ALMANZORA,4
530091,CANILLAS,HORTALEZA,FUERA_DE_SERVICIO,40.46375777,-3.63249539,CALLE,RAMON POWER,7
530093,PIOVERA,HORTALEZA,OPERATIVO,40.46152108,-3.63050810,CALLE,DIONISIO INCA YUPANQUI,35
530096,CANILLAS,HORTALEZA,OPERATIVO,40.46317648,-3.65230910,CARRETERA,CANILLAS,36
530097,PINAR DEL REY,HORTALEZA,OPERATIVO,40.47335663,-3.64152430,CALLE,MAR DEL JAPON,7
530403,PALOMERAS BAJAS,PUENTE DE VALLECAS,OPERATIVO,40.38497140,-3.65840922,CALLE,PUERTO DEL MILAGRO,3
530405,ENTREVIAS,PUENTE DE VALLECAS,OPERATIVO,40.37680124,-3.66020636,AVENIDA,ENTREVIAS,140
530408,PALOMERAS SURESTE,PUENTE DE VALLECAS,OPERATIVO,40.38313762,-3.63786195,CALLE,MIJAS,18
530409,PALOMERAS SURESTE,PUENTE DE VALLECAS,OPERATIVO,40.37925356,-3.64825701,AVENIDA,MIGUEL HERNANDEZ,114
530411,PORTAZGO,PUENTE DE VALLECAS,OPERATIVO,40.39448041,-3.64281477,CALLE,BENJAMIN PALENCIA,30
530412,PALOMERAS BAJAS,PUENTE DE VALLECAS,FUERA_DE_SERVICIO,40.37896537,-3.66021311,TRAVESIA,FELIPE DE DIEGO,18
530414,SAN DIEGO,PUENTE DE VALLECAS,FUERA_DE_SERVICIO,40.38427916,-3.66773846,CALLE,DOCTOR BELLIDO,23
530416,PORTAZGO,PUENTE DE VALLECAS,OPERATIVO,40.39216047,-3.64493468,CALLE,PONT DE MOLINS,17
530417,NUMANCIA,PUENTE DE VALLECAS,OPERATIVO,40.40085579,-3.65081678,CALLE,EL BOSCO,16
530420,PALOMERAS BAJAS,PUENTE DE VALLECAS,OPERATIVO,40.37671372,-3.65409346,CALLE,PUERTO DE BALBARAN,135
530099,CANILLAS,HORTALEZA,OPERATIVO,40.45965807,-3.65449863,CALLE,CAMINOS,1
530101,CANILLAS,HORTALEZA,OPERATIVO,40.46373049,-3.63122751,CALLE,RAMON POWER,30
530102,CANILLAS,HORTALEZA,OPERATIVO,40.46048171,-3.65278683,CALLE,MAYORGA,1
530103,VALDEFUENTES,HORTALEZA,OPERATIVO,40.48038881,-3.62986956,CALLE,LAVANDA,48 B
530105,VALDEFUENTES,HORTALEZA,OPERATIVO,40.48779733,-3.66219754,CALLE,OÑA,133
530107,PINAR DEL REY,HORTALEZA,OPERATIVO,40.46819991,-3.66174050,CALLE,AÑASTRO,48
530109,PINAR DEL REY,HORTALEZA,OPERATIVO,40.46963575,-3.66003001,CALLE,AÑASTRO,76
530112,PIOVERA,HORTALEZA,OPERATIVO,40.45828156,-3.62195183,CALLE,FLORENCIO CASTILLO,31
530114,PINAR DEL REY,HORTALEZA,OPERATIVO,40.47481881,-3.63796353,AVENIDA,CELIO VILLALBA,14
530116,CANILLAS,HORTALEZA,OPERATIVO,40.46370341,-3.62870250,CALLE,RAMON POWER,42
530118,CANILLAS,HORTALEZA,OPERATIVO,40.46864253,-3.63214976,CALLE,ACONCAGUA,2
530121,PINAR DEL REY,HORTALEZA,OPERATIVO,40.47023934,-3.63754100,CALLE,MAR ADRIATICO,2
530125,PIOVERA,HORTALEZA,OPERATIVO,40.46185014,-3.63470910,AVENIDA,MACHUPICHU,56
530127,PINAR DEL REY,HORTALEZA,OPERATIVO,40.47282114,-3.64719427,CALLE,VALDETORRES DE JARAMA,1
530129,PIOVERA,HORTALEZA,OPERATIVO,40.46145181,-3.62922905,CALLE,DIONISIO INCA YUPANQUI,43
530130,PINAR DEL REY,HORTALEZA,OPERATIVO,40.47278913,-3.64094282,PLAZA,IGLESIA,2
530132,APOSTOL SANTIAGO,HORTALEZA,OPERATIVO,40.47536422,-3.66055136,CALLE,BEMBIBRE,30
530425,ENTREVIAS,PUENTE DE VALLECAS,FUERA_DE_SERVICIO,40.37893413,-3.67242046,CALLE,SANTA RAFAELA MARIA DEL SAGRADO CORAZON,9
530426,ENTREVIAS,PUENTE DE VALLECAS,OPERATIVO,40.38395888,-3.67427649,CALLE,CONCEJO DE TEVERGA,24
530428,ENTREVIAS,PUENTE DE VALLECAS,OPERATIVO,40.37855261,-3.67889360,RONDA,SUR,119
530429,MARROQUINA,MORATALAZ,OPERATIVO,40.40536133,-3.63776823,CALLE,MOLINA DE SEGURA,23
530431,MARROQUINA,MORATALAZ,OPERATIVO,40.40429458,-3.63603086,PASAJE,VALDILECHA,7
530432,PALOMERAS SURESTE,PUENTE DE VALLECAS,OPERATIVO,40.38357948,-3.62976767,CALLE,G,20
530433,MARROQUINA,MORATALAZ,OPERATIVO,40.41073465,-3.63978367,CALLE,JOSE BERGAMIN,22
530434,PAVONES,MORATALAZ,FUERA_DE_SERVICIO,40.39470985,-3.63572916,CALLE,ARROYO FONTARRON,399
530437,EL SALVADOR,SAN BLAS-CANILLEJAS,OPERATIVO,40.44714611,-3.62355933,CALLE,MARQUESADO DE SANTA MARTA,10
530445,PALOMERAS BAJAS,PUENTE DE VALLECAS,OPERATIVO,40.39232663,-3.66234853,CALLE,ARROYO DEL OLIVAR,54
530133,PINAR DEL REY,HORTALEZA,OPERATIVO,40.46889276,-3.62948177,CALLE,ACONCAGUA,4
530139,PINAR DEL REY,HORTALEZA,OPERATIVO,40.47595726,-3.63803819,CALLE,BARICHARA,2
530146,PINAR DEL REY,HORTALEZA,OPERATIVO,40.47923898,-3.64980649,CALLE,SANTA ADELA,14
530147,PINAR DEL REY,HORTALEZA,OPERATIVO,40.48060734,-3.64987194,CARRETERA,ESTACION DE HORTALEZA,18
530150,CANILLAS,HORTALEZA,OPERATIVO,40.46889016,-3.63814572,CALLE,LOS EMIGRANTES,17
530152,CANILLAS,HORTALEZA,OPERATIVO,40.46287319,-3.64716567,CALLE,GOMEZNARRO,498
530153,VALDEFUENTES,HORTALEZA,FUERA_DE_SERVICIO,40.50179132,-3.63560499,CALLE,SAN ENRIQUE DE OSSO,347
530154,VALDEFUENTES,HORTALEZA,OPERATIVO,40.50770944,-3.64482793,CAMINO,HUERTA,23
530156,PALOMAS,HORTALEZA,OPERATIVO,40.45102570,-3.62525945,CALLE,ESPUELA,4
530158,PIOVERA,HORTALEZA,OPERATIVO,40.45419405,-3.62548739,AVENIDA,ANDES,9
530160,VALDEFUENTES,HORTALEZA,OPERATIVO,40.47884319,-3.63360115,CALLE,RAFAELA APARICIO,2
530164,VALDEFUENTES,HORTALEZA,OPERATIVO,40.47816938,-3.63111970,AVENIDA,MARUJA MALLO,7
530446,PAVONES,MORATALAZ,OPERATIVO,40.40151757,-3.63554844,CALLE,FUENTE CARRANTONA,9
530451,PALOMERAS BAJAS,PUENTE DE VALLECAS,OPERATIVO,40.38356315,-3.66035802,CALLE,LA DILIGENCIA,8 A
530452,SAN DIEGO,PUENTE DE VALLECAS,OPERATIVO,40.38679060,-3.66825751,AVENIDA,SAN DIEGO,96
530454,MEDIA LEGUA,MORATALAZ,OPERATIVO,40.41011150,-3.65703550,CALLE,CORREGIDOR MENDO DE ZUÑIGA,7
530456,NUMANCIA,PUENTE DE VALLECAS,OPERATIVO,40.39422266,-3.65814811,CALLE,PICOS DE EUROPA,76
530457,MEDIA LEGUA,MORATALAZ,OPERATIVO,40.41020237,-3.65778621,CALLE,CAMINO DE LOS VINATEROS,24
530461,VINATEROS,MORATALAZ,OPERATIVO,40.40573165,-3.64671234,AVENIDA,MORATALAZ,128
530462,PALOMERAS BAJAS,PUENTE DE VALLECAS,OPERATIVO,40.37950970,-3.65418398,CALLE,TRISTANA,9
530464,ENTREVIAS,PUENTE DE VALLECAS,FUERA_DE_SERVICIO,40.37799200,-3.67719987,RONDA,SUR,125 B
530466,PALOMERAS SURESTE,PUENTE DE VALLECAS,OPERATIVO,40.38147643,-3.64913407,CALLE,VILLALOBOS,73
530166,PIOVERA,HORTALEZA,OPERATIVO,40.46042007,-3.62234530,CALLE,FLORENCIO CASTILLO,29
530168,PALOMAS,HORTALEZA,OPERATIVO,40.45567924,-3.61375688,CALLE,LUIS DE LA MATA,45
530171,PINAR DEL REY,HORTALEZA,OPERATIVO,40.47711562,-3.63968697,CALLE,SANTA VIRGILIA,19 B
530173,APOSTOL SANTIAGO,HORTALEZA,FUERA_DE_SERVICIO,40.47982883,-3.65999216,CALLE,MOJACAR,24
530175,CANILLAS,HORTALEZA,OPERATIVO,40.46659455,-3.65460028,CALLE,LOPEZ DE HOYOS,406
530177,CANILLAS,HORTALEZA,OPERATIVO,40.46383077,-3.65699486,CALLE,LOPEZ DE HOYOS,327
530179,PINAR DEL REY,HORTALEZA,OPERATIVO,40.46988543,-3.65856663,AVENIDA,GRAN VIA DE HORTALEZA,3 F
530180,PINAR DEL REY,HORTALEZA,OPERATIVO,40.47039320,-3.65860670,AVENIDA,SAN LUIS,27 I
530181,APOSTOL SANTIAGO,HORTALEZA,OPERATIVO,40.47460333,-3.65903503,CALLE,SAN PEDRO DE CARDEÑA,44
530184,APOSTOL SANTIAGO,HORTALEZA,OPERATIVO,40.47691311,-3.66125984,CALLE,SOMONTIN,29
530185,VALDEFUENTES,HORTALEZA,OPERATIVO,40.48955880,-3.65907291,AVENIDA,FRANCISCO PI Y MARGALL,75
530186,PINAR DEL REY,HORTALEZA,OPERATIVO,40.47882758,-3.64575949,CALLE,SANTA SUSANA,30
530191,PINAR DEL REY,HORTALEZA,OPERATIVO,40.47785270,-3.64418614,CALLE,ARCOS,4
530192,VALDEFUENTES,HORTALEZA,OPERATIVO,40.49284410,-3.64716041,AVENIDA,NICETO ALCALA ZAMORA,20
530193,VALDEFUENTES,HORTALEZA,OPERATIVO,40.48803704,-3.64533645,AVENIDA,NICETO ALCALA ZAMORA,12
530197,APOSTOL SANTIAGO,HORTALEZA,OPERATIVO,40.48142595,-3.65893142,CALLE,ROQUETAS DE MAR,15
530467,ENTREVIAS,PUENTE DE VALLECAS,OPERATIVO,40.38651902,-3.67213560,CALLE,CONCEJO DE TEVERGA,2
530470,MEDIA LEGUA,MORATALAZ,OPERATIVO,40.41184518,-3.65234558,AVENIDA,DOCTOR GARCIA TAPIA,74
530473,MEDIA LEGUA,MORATALAZ,OPERATIVO,40.41121896,-3.66135442,CALLE,CAMINO DE LOS VINATEROS,1
530475,PALOMERAS BAJAS,PUENTE DE VALLECAS,OPERATIVO,40.38348362,-3.66318582,CALLE,LA DILIGENCIA,3
530478,ENTREVIAS,PUENTE DE VALLECAS,OPERATIVO,40.36925622,-3.66001082,CALLE,ESTEBAN CARROS,73
530479,FONTARRON,MORATALAZ,OPERATIVO,40.40658367,-3.66209877,CALLE,MANUEL MARIA ARRILLAGA,38
530481,HORCAJO,MORATALAZ,OPERATIVO,40.41201381,-3.62805854,CALLE,FUENTE CARRANTONA,61
530486,FONTARRON,MORATALAZ,OPERATIVO,40.40738851,-3.66226128,CALLE,MANUEL MARIA ARRILLAGA,37
530488,VINATEROS,MORATALAZ,OPERATIVO,40.40280036,-3.64097067,CALLE,HACIENDA DE PAVONES,119
530490,ENSANCHE DE VALLECAS,VILLA DE VALLECAS,OPERATIVO,40.36594222,-3.61365593,AVENIDA,CERRO MILANO,18
530198,VALDEFUENTES,HORTALEZA,OPERATIVO,40.49465217,-3.66033510,CALLE,MARIA TUDOR,14
530199,VALDEFUENTES,HORTALEZA,OPERATIVO,40.49804852,-3.61421898,CALLE,JOSEFINA ALDECOA,72
530202,VALDEFUENTES,HORTALEZA,OPERATIVO,40.49580768,-3.61042288,CALLE,ANTONIO MIRO VALVERDE,14
530204,VALDEFUENTES,HORTALEZA,OPERATIVO,40.49497975,-3.62193848,CALLE,JOSE ANTONIO CODERCH,46
530205,REJAS,SAN BLAS-CANILLEJAS,OPERATIVO,40.44954306,-3.59354780,CALLE,UNO,4
530207,REJAS,SAN BLAS-CANILLEJAS,OPERATIVO,40.44762706,-3.59530841,CALLE,SEIS,4
530208,VALDEFUENTES,HORTALEZA,OPERATIVO,40.49114938,-3.60939735,CALLE,JOSE ANTONIO FERNANDEZ ORDOÑEZ,24
530209,VALDEFUENTES,HORTALEZA,OPERATIVO,40.48942041,-3.65194154,CALLE,INFANTA CATALINA MICAELA,33
530210,PINAR DEL REY,HORTALEZA,OPERATIVO,40.47686002,-3.65387292,CALLE,MANUEL CHAVES NOGALES,13
530211,AMPOSTA,SAN BLAS-CANILLEJAS,OPERATIVO,40.42646787,-3.62321178,CALLE,FUMISTERIA,7
530213,VALDEFUENTES,HORTALEZA,OPERATIVO,40.48370424,-3.63710322,CALLE,CARMEN RICO GODOY,134
530216,VALDEFUENTES,HORTALEZA,OPERATIVO,40.48518758,-3.65632922,CALLE,INFANTA CATALINA MICAELA,11
530220,ROSAS,SAN BLAS-CANILLEJAS,OPERATIVO,40.43087404,-3.60070606,CALLE,ESTOCOLMO,59
530222,VALDEFUENTES,HORTALEZA,OPERATIVO,40.49416025,-3.66128612,CALLE,MARIA TUDOR,12 B
530224,PINAR DEL REY,HORTALEZA,OPERATIVO,40.47445422,-3.64012206,CALLE,YARUMAL,6
530227,VALDEFUENTES,HORTALEZA,OPERATIVO,40.49748212,-3.62201916,CALLE,JOSE ANTONIO CODERCH,59
530493,CASCO HISTORICO DE VALLECAS,VILLA DE VALLECAS,OPERATIVO,40.37543476,-3.61994883,CALLE,MILMARCOS,10
530495,CASCO HISTORICO DE VALLECAS,VILLA DE VALLECAS,OPERATIVO,40.37118260,-3.61749716,CALLE,VILLAR DEL POZO,2 C
530499,CASCO HISTORICO DE VALLECAS,VILLA DE VALLECAS,OPERATIVO,40.37018585,-3.62047082,CALLE,PEÑA CERVERA,14
530504,SANTA EUGENIA,VILLA DE VALLECAS,OPERATIVO,40.38448645,-3.60878296,CALLE,CASTRILLO DE AZA,16 B
530505,SANTA EUGENIA,VILLA DE VALLECAS,OPERATIVO,40.38051096,-3.60604610,CALLE,VIRGEN DE LAS VIÑAS,9
530509,CASCO HISTORICO DE VALLECAS,VILLA DE VALLECAS,OPERATIVO,40.37733273,-3.62066832,PASEO,FEDERICO GARCIA LORCA,21
530510,ENSANCHE DE VALLECAS,VILLA DE VALLECAS,OPERATIVO,40.36565328,-3.61031893,CALLE,ENTREPEÑAS,67
530511,CASCO HISTORICO DE VICALVARO,VICALVARO,OPERATIVO,40.40433379,-3.59886119,CALLE,HELENA DE TROYA,22
530512,CASCO HISTORICO DE VALLECAS,VILLA DE VALLECAS,OPERATIVO,40.36984282,-3.63250538,AVENIDA,MAYORAZGO,18
530513,CASCO HISTORICO DE VALLECAS,VILLA DE VALLECAS,OPERATIVO,40.36767122,-3.63805557,CALLE,SIERRA DE LA DEMANDA,27
530229,VALDEFUENTES,HORTALEZA,OPERATIVO,40.49480225,-3.61805381,CALLE,FINA DE CALDERON,26
530231,VALDEFUENTES,HORTALEZA,OPERATIVO,40.49476808,-3.61420718,CALLE,JOSEFINA ALDECOA,23
530233,ROSAS,SAN BLAS-CANILLEJAS,OPERATIVO,40.42792407,-3.60159841,CALLE,SOFIA,201
530235,AMPOSTA,SAN BLAS-CANILLEJAS,OPERATIVO,40.42832905,-3.61782275,CALLE,ALCONERA,2 D
530238,REJAS,SAN BLAS-CANILLEJAS,OPERATIVO,40.44396332,-3.59238817,CALLE,EUTERPE,27
530240,ROSAS,SAN BLAS-CANILLEJAS,OPERATIVO,40.43324773,-3.60283863,CALLE,SOFIA,84
530242,REJAS,SAN BLAS-CANILLEJAS,OPERATIVO,40.44755900,-3.59223047,CALLE,EUTERPE,3 G
530244,PINAR DEL REY,HORTALEZA,OPERATIVO,40.46970029,-3.63253927,CALLE,MACUAJE,5
530246,VALDEFUENTES,HORTALEZA,OPERATIVO,40.50182004,-3.65136512,CALLE,VICENTE BLASCO IBAÑEZ,79
530247,VALDEFUENTES,HORTALEZA,OPERATIVO,40.48908468,-3.61054220,CALLE,ESTANISLAO PEREZ PITA,25
530516,CASCO HISTORICO DE VICALVARO,VICALVARO,OPERATIVO,40.40582207,-3.59801372,CALLE,PEDERNAL,1
530518,CASCO HISTORICO DE VICALVARO,VICALVARO,OPERATIVO,40.40383617,-3.60880758,CALLE,LAGO SANABRIA,3
530521,CASCO HISTORICO DE VICALVARO,VICALVARO,OPERATIVO,40.40510829,-3.59251561,CALLE,ABAD JUAN CATALAN,18
530524,CASCO HISTORICO DE VICALVARO,VICALVARO,OPERATIVO,40.41247234,-3.61382219,CALLE,EZCARAY,68
530525,CASCO HISTORICO DE VICALVARO,VICALVARO,OPERATIVO,40.41289037,-3.61473554,CALLE,EZCARAY,66
530527,CASCO HISTORICO DE VICALVARO,VICALVARO,OPERATIVO,40.41147823,-3.61832899,AVENIDA,DAROCA,299
530529,CASCO HISTORICO DE VICALVARO,VICALVARO,OPERATIVO,40.41063130,-3.61667357,AVENIDA,DAROCA,299
530530,CASCO HISTORICO DE VICALVARO,VICALVARO,OPERATIVO,40.41117114,-3.61705919,AVENIDA,DAROCA,299
530532,CASCO HISTORICO DE VICALVARO,VICALVARO,OPERATIVO,40.41009932,-3.61521694,CALLE,CASALARREINA,28
530533,CASCO HISTORICO DE VICALVARO,VICALVARO,OPERATIVO,40.41100532,-3.61364940,CALLE,EZCARAY,66
530534,VALDEBERNARDO,VICALVARO,OPERATIVO,40.40300979,-3.62034539,BULEVAR,INDALECIO PRIETO,10
530536,CASCO HISTORICO DE VICALVARO,VICALVARO,OPERATIVO,40.41015352,-3.61569735,CALLE,CASALARREINA,28
530538,CASCO HISTORICO DE VICALVARO,VICALVARO,OPERATIVO,40.40683566,-3.60552978,CALLE,VILLAJIMENA,107
530541,VALDEBERNARDO,VICALVARO,OPERATIVO,40.39777309,-3.61675514,CALLE,PINILLAS,37
530545,VALDEBERNARDO,VICALVARO,OPERATIVO,40.39872707,-3.62206835,BULEVAR,INDALECIO PRIETO,35
530249,ROSAS,SAN BLAS-CANILLEJAS,OPERATIVO,40.41955180,-3.60952363,CALLE,MARSELLA,43
530251,SIMANCAS,SAN BLAS-CANILLEJAS,OPERATIVO,40.43276303,-3.62365880,CALLE,CASTILLO DE UCLES,43
530253,SIMANCAS,SAN BLAS-CANILLEJAS,OPERATIVO,40.42720088,-3.62851420,PLAZA,CASTILLO DE LA MOTA,4
530256,EL SALVADOR,SAN BLAS-CANILLEJAS,OPERATIVO,40.44394579,-3.62378315,PLAZA,ENSIDESA,6
530260,ROSAS,SAN BLAS-CANILLEJAS,OPERATIVO,40.43348254,-3.60855766,AVENIDA,NIZA,67 L
530261,EL SALVADOR,SAN BLAS-CANILLEJAS,OPERATIVO,40.44440372,-3.63111107,CALLE,MIAMI,57
530263,HELLIN,SAN BLAS-CANILLEJAS,OPERATIVO,40.43133601,-3.61291340,CALLE,HERENCIA,4
530266,ROSAS,SAN BLAS-CANILLEJAS,OPERATIVO,40.43448364,-3.60702985,PLAZA,GRECIA,2
530272,ARCOS,SAN BLAS-CANILLEJAS,OPERATIVO,40.41979562,-3.62271878,CALLE,HERMANOS GARCIA NOBLEJAS,139
530274,AMPOSTA,SAN BLAS-CANILLEJAS,OPERATIVO,40.42530947,-3.62110873,CALLE,AMPOSTA,24
530275,ARCOS,SAN BLAS-CANILLEJAS,OPERATIVO,40.42034484,-3.61888969,AVENIDA,GUADALAJARA,51
530277,CANILLEJAS,SAN BLAS-CANILLEJAS,OPERATIVO,40.43739720,-3.61148483,CALLE,NICOLASA GOMEZ,88
530278,CANILLEJAS,SAN BLAS-CANILLEJAS,FUERA_DE_SERVICIO,40.44632548,-3.61104653,CALLE,ESFINGE,6
530279,CANILLEJAS,SAN BLAS-CANILLEJAS,OPERATIVO,40.43813142,-3.61128385,CALLE,NICOLASA GOMEZ,89
530280,ROSAS,SAN BLAS-CANILLEJAS,OPERATIVO,40.43313504,-3.60927937,CALLE,MARIA SEVILLA DIAGO,12
530546,CASCO HISTORICO DE VICALVARO,VICALVARO,OPERATIVO,40.41177320,-3.61202718,CALLE,EZCARAY,13
530547,ABRANTES,CARABANCHEL,OPERATIVO,40.38553826,-3.72647823,PLAZA,SAN VICENTE DE PAUL,6
530549,BUENAVISTA,CARABANCHEL,OPERATIVO,40.37575471,-3.75107477,RONDA,DON BOSCO,2
530550,VALDEBERNARDO,VICALVARO,OPERATIVO,40.40032048,-3.61839671,CALLE,CORDEL DE PAVONES,9
530552,CASCO HISTORICO DE VICALVARO,VICALVARO,OPERATIVO,40.40212748,-3.60557009,PLAZA,DON ANTONIO DE ANDRES,6
530553,VALDEBERNARDO,VICALVARO,OPERATIVO,40.39547695,-3.62337277,BULEVAR,INDALECIO PRIETO,46 B
530556,VALDERRIVAS,VICALVARO,OPERATIVO,40.39734860,-3.60324431,CALLE,CALIZA,29
530558,ABRANTES,CARABANCHEL,OPERATIVO,40.38338535,-3.72443357,PLAZA,SETUBAL,8
530560,PUERTA BONITA,CARABANCHEL,OPERATIVO,40.37908775,-3.74453268,CALLE,CONDE DE MORPHY,6
530561,VALDEBERNARDO,VICALVARO,OPERATIVO,40.40173491,-3.61704584,CALLE,CORDEL DE PAVONES,6 B
530562,ABRANTES,CARABANCHEL,OPERATIVO,40.37516475,-3.72571043,CALLE,CAZALEGAS,4
530563,ABRANTES,CARABANCHEL,OPERATIVO,40.38401434,-3.72404940,PLAZA,SETUBAL,18
530566,VALDERRIVAS,VICALVARO,OPERATIVO,40.39540484,-3.60527030,CALLE,MOLINO VIEJO,20
530568,SAN ISIDRO,CARABANCHEL,OPERATIVO,40.39816591,-3.73194406,CALLE,CARLOS DABAN,26 A
530574,BUENAVISTA,CARABANCHEL,OPERATIVO,40.37333945,-3.72253975,AVENIDA,POBLADOS,122
530287,ROSAS,SAN BLAS-CANILLEJAS,OPERATIVO,40.43255166,-3.61155341,CALLE,MARIA SEVILLA DIAGO,2
530289,AMPOSTA,SAN BLAS-CANILLEJAS,OPERATIVO,40.42483108,-3.62754694,AVENIDA,ARCENTALES,2
530291,ROSAS,SAN BLAS-CANILLEJAS,OPERATIVO,40.42335768,-3.60157682,PASEO,GINEBRA,47
530292,REJAS,SAN BLAS-CANILLEJAS,OPERATIVO,40.44239021,-3.58137621,CALLE,NAVARIDAS,14
530293,REJAS,SAN BLAS-CANILLEJAS,OPERATIVO,40.44477282,-3.57908163,CALLE,NANCLARES DE OCA,1
530294,REJAS,SAN BLAS-CANILLEJAS,OPERATIVO,40.44588099,-3.57798835,CALLE,BELFAST,25
530295,AMPOSTA,SAN BLAS-CANILLEJAS,OPERATIVO,40.42921046,-3.61813416,CALLE,ALBERIQUE,12
530298,HELLIN,SAN BLAS-CANILLEJAS,OPERATIVO,40.43412641,-3.61341765,CALLE,ALBAIDA,94
530300,ROSAS,SAN BLAS-CANILLEJAS,OPERATIVO,40.42297247,-3.61110558,AVENIDA,GUADALAJARA,109
530307,CASCO HISTORICO DE BARAJAS,BARAJAS,OPERATIVO,40.47201340,-3.57804968,CALLE,NUESTRA SEÑORA DE ARACELI,2 B
530575,COMILLAS,CARABANCHEL,OPERATIVO,40.39388454,-3.71471767,CALLE,ANTONIO DE LEYVA,25
530577,CASCO HISTORICO DE VICALVARO,VICALVARO,OPERATIVO,40.40995021,-3.60816991,CALLE,VEREDA DEL PINAR,6
530579,CASCO HISTORICO DE VICALVARO,VICALVARO,FUERA_DE_SERVICIO,40.40193713,-3.60330943,CALLE,LAGO ISEO,7
530581,VALDEBERNARDO,VICALVARO,OPERATIVO,40.39939129,-3.62054679,BULEVAR,INDALECIO PRIETO,23
530586,ABRANTES,CARABANCHEL,OPERATIVO,40.37603910,-3.72706978,CALLE,CAZALEGAS,6
530587,ABRANTES,CARABANCHEL,OPERATIVO,40.37924682,-3.72627622,CALLE,VIA LUSITANA,7
530590,CASCO HISTORICO DE VICALVARO,VICALVARO,OPERATIVO,40.40227385,-3.60958684,CALLE,GALLEGOS,26
530593,VISTA ALEGRE,CARABANCHEL,OPERATIVO,40.37913423,-3.75354542,CALLE,PARQUE EUGENIA DE MONTIJO,20
530594,ABRANTES,CARABANCHEL,OPERATIVO,40.37707350,-3.72728835,CALLE,CAZALEGAS,9
530595,BUENAVISTA,CARABANCHEL,OPERATIVO,40.37316558,-3.73052641,CALLE,JUAN RON,2
530599,BUENAVISTA,CARABANCHEL,OPERATIVO,40.37291811,-3.73254577,AVENIDA,POBLADOS,110
530600,BUENAVISTA,CARABANCHEL,OPERATIVO,40.37171330,-3.73429664,CALLE,SALVADOR VICENTE MARTIN,9
530601,BUENAVISTA,CARABANCHEL,OPERATIVO,40.36382856,-3.74695339,CALLE,TREMIS,3
530602,BUENAVISTA,CARABANCHEL,OPERATIVO,40.36643201,-3.74481055,CALLE,SOUS DE PLATA,53
530603,BUENAVISTA,CARABANCHEL,OPERATIVO,40.36142902,-3.76426637,CALLE,PALAU DE LA MUSICA,5
530308,SIMANCAS,SAN BLAS-CANILLEJAS,OPERATIVO,40.43030892,-3.62305318,CALLE,YUNCOS,1
530309,CASCO HISTORICO DE BARAJAS,BARAJAS,OPERATIVO,40.47628850,-3.57610594,CALLE,ZODIACO,46
530311,ALAMEDA DE OSUNA,BARAJAS,OPERATIVO,40.45898461,-3.58269062,CALLE,BERGANTIN,26
530312,TIMON,BARAJAS,OPERATIVO,40.47423948,-3.58587621,CALLE,PLAYA AMERICA,26
530313,CANILLEJAS,SAN BLAS-CANILLEJAS,OPERATIVO,40.44151271,-3.61364409,CALLE,NICOLASA GOMEZ,30
530314,ALAMEDA DE OSUNA,BARAJAS,OPERATIVO,40.45143111,-3.59414168,CALLE,OBENQUE,3
530315,ALAMEDA DE OSUNA,BARAJAS,OPERATIVO,40.45121160,-3.59360493,CALLE,OBENQUE,2
530316,TIMON,BARAJAS,OPERATIVO,40.47327298,-3.58424228,CALLE,ALAR DEL REY,35
530321,TIMON,BARAJAS,OPERATIVO,40.47406060,-3.58381807,CALLE,ALAR DEL REY,48
530323,TIMON,BARAJAS,OPERATIVO,40.47188660,-3.58607349,PLAZA,NUESTRA SEÑORA DE LORETO,8
530327,TIMON,BARAJAS,OPERATIVO,40.47122975,-3.58759440,CALLE,AGUADULCE,10
530329,ALAMEDA DE OSUNA,BARAJAS,OPERATIVO,40.45409810,-3.59807555,PASEO,ALAMEDA DE OSUNA,48 P
530332,TIMON,BARAJAS,OPERATIVO,40.47299031,-3.58599732,CALLE,GRAN PODER,24
530334,ROSAS,SAN BLAS-CANILLEJAS,OPERATIVO,40.42980868,-3.61003934,CALLE,JULIA GARCIA BOUTAN,3
530335,CASCO HISTORICO DE BARAJAS,BARAJAS,OPERATIVO,40.46844549,-3.58058098,CALLE,AYERBE,14
530336,CASCO HISTORICO DE BARAJAS,BARAJAS,OPERATIVO,40.47472337,-3.57762315,CALLE,LOS PILARES,1
530338,ALAMEDA DE OSUNA,BARAJAS,OPERATIVO,40.46027978,-3.57884737,CALLE,RIAÑO,1 A
530604,BUENAVISTA,CARABANCHEL,OPERATIVO,40.36023327,-3.75981939,CALLE,MORALES,40
530606,BUENAVISTA,CARABANCHEL,OPERATIVO,40.36178410,-3.75329106,AVENIDA,CARABANCHEL ALTO,53
530608,BUENAVISTA,CARABANCHEL,OPERATIVO,40.36003522,-3.76234240,CALLE,MORALES,54
530609,BUENAVISTA,CARABANCHEL,OPERATIVO,40.36607441,-3.75961302,CALLE,LONJA DE LA SEDA,28
530615,VISTA ALEGRE,CARABANCHEL,OPERATIVO,40.38798631,-3.73604294,CALLE,AVECILLA,10
530623,BUENAVISTA,CARABANCHEL,OPERATIVO,40.36337704,-3.74129419,CALLE,TRESETA,39
530625,BUENAVISTA,CARABANCHEL,OPERATIVO,40.36314278,-3.75486260,CALLE,ARTE MUDEJAR DE TERUEL,4
530626,BUENAVISTA,CARABANCHEL,OPERATIVO,40.36580894,-3.75447634,CALLE,MURALLAS DE LUGO,11
530628,BUENAVISTA,CARABANCHEL,OPERATIVO,40.37188537,-3.74002246,CALLE,ENRIQUE DE ORO,1
530629,BUENAVISTA,CARABANCHEL,OPERATIVO,40.36466842,-3.75698651,CALLE,MORALES,13
530630,BUENAVISTA,CARABANCHEL,OPERATIVO,40.36518538,-3.75673016,CALLE,MORALES,2
530634,PUERTA BONITA,CARABANCHEL,OPERATIVO,40.37436833,-3.73843570,CALLE,BELZUNEGUI,27
530637,BUENAVISTA,CARABANCHEL,OPERATIVO,40.37214719,-3.75435373,CALLE,POLVORANCA,19
530641,VISTA ALEGRE,CARABANCHEL,OPERATIVO,40.37819717,-3.75139027,CALLE,JACOBINIA,48
530642,SAN ISIDRO,CARABANCHEL,OPERATIVO,40.39893822,-3.72563204,PASEO,ERMITA DEL SANTO,74
530341,CASCO HISTORICO DE BARAJAS,BARAJAS,OPERATIVO,40.47562294,-3.58203485,PLAZA,PAJARONES,3
530343,CANILLEJAS,SAN BLAS-CANILLEJAS,OPERATIVO,40.44281649,-3.61262548,CALLE,SAN MARIANO,44
530346,TIMON,BARAJAS,OPERATIVO,40.47162424,-3.58468847,CALLE,ALGEMESI,19
530347,CORRALEJOS,BARAJAS,OPERATIVO,40.46431711,-3.58898762,CALLE,BOIRO,19
530351,TIMON,BARAJAS,OPERATIVO,40.46926349,-3.58856487,CALLE,ALCAÑIZ,4
530352,TIMON,BARAJAS,OPERATIVO,40.47296169,-3.58389298,CALLE,ALAR DEL REY,40
530354,CORRALEJOS,BARAJAS,OPERATIVO,40.46444063,-3.58774714,CALLE,BRIONES,11
530355,TIMON,BARAJAS,OPERATIVO,40.47567882,-3.59441090,CALLE,PLAYA DE RIAZOR,16
530356,TIMON,BARAJAS,OPERATIVO,40.47460620,-3.59372238,CALLE,TRAMONTANA,24
530358,CASCO HISTORICO DE BARAJAS,BARAJAS,OPERATIVO,40.47474192,-3.58116487,CALLE,TROPICO,22
530361,TIMON,BARAJAS,OPERATIVO,40.47203704,-3.59775682,CALLE,MISTRAL,11
530362,AEROPUERTO,BARAJAS,OPERATIVO,40.45097085,-3.58396570,CALLE,GARGANCHON,113 B
530643,BUENAVISTA,CARABANCHEL,OPERATIVO,40.37061705,-3.73862986,AVENIDA,EURO,14
530645,ABRANTES,CARABANCHEL,OPERATIVO,40.37691649,-3.73031636,PLAZA,LAS MENINAS,7
530646,SAN ISIDRO,CARABANCHEL,OPERATIVO,40.39636344,-3.73046634,CALLE,GORRION,51
530649,PUERTA BONITA,CARABANCHEL,OPERATIVO,40.38339685,-3.73258298,CALLE,AVEFRIA,42
530654,ZOFIO,USERA,OPERATIVO,40.38017521,-3.71797971,CALLE,RICARDO BELTRAN Y ROZPIDE,14
530363,CORRALEJOS,BARAJAS,OPERATIVO,40.46613974,-3.58641511,CALLE,MARQUES DE BERNA,20
530377,NUMANCIA,PUENTE DE VALLECAS,OPERATIVO,40.39675372,-3.65521294,CALLE,BENJAMIN PALENCIA,2
530378,NUMANCIA,PUENTE DE VALLECAS,OPERATIVO,40.39969286,-3.65633876,CALLE,SIERRA DE CUERDA LARGA,41
530379,PALOMERAS BAJAS,PUENTE DE VALLECAS,FUERA_DE_SERVICIO,40.37773803,-3.66114814,CALLE,PUERTO DE BALBARAN,4
530381,NUMANCIA,PUENTE DE VALLECAS,OPERATIVO,40.39952220,-3.65234705,CALLE,RAMON PEREZ DE AYALA,80 C
530382,PORTAZGO,PUENTE DE VALLECAS,OPERATIVO,40.39744289,-3.64689816,CALLE,EL BOSCO,28
530383,PALOMERAS BAJAS,PUENTE DE VALLECAS,OPERATIVO,40.39031134,-3.65433457,CALLE,ESCRITOR,7
530384,NUMANCIA,PUENTE DE VALLECAS,OPERATIVO,40.39312792,-3.65642065,PLAZA,MARIANA PINEDA,5
530386,PALOMERAS SURESTE,PUENTE DE VALLECAS,FUERA_DE_SERVICIO,40.37817358,-3.65206405,AVENIDA,BUENOS AIRES,101
530387,NUMANCIA,PUENTE DE VALLECAS,FUERA_DE_SERVICIO,40.40386446,-3.66068200,PLAZA,DOCTOR LOZANO,4
530390,PALOMERAS SURESTE,PUENTE DE VALLECAS,OPERATIVO,40.38045863,-3.64672624,CALLE,LEONESES,23
530398,PALOMERAS BAJAS,PUENTE DE VALLECAS,OPERATIVO,40.39072499,-3.65911836,CALLE,ARROYO DEL OLIVAR,96
530399,ENTREVIAS,PUENTE DE VALLECAS,OPERATIVO,40.38209429,-3.66918421,AVENIDA,ENTREVIAS,46
530401,SAN DIEGO,PUENTE DE VALLECAS,OPERATIVO,40.38888377,-3.66619783,CALLE,SIERRA MOLINA,1
530402,PORTAZGO,PUENTE DE VALLECAS,OPERATIVO,40.38622798,-3.64778675,CALLE,TANGER,2
530657,ORCASITAS,USERA,OPERATIVO,40.36698568,-3.71058879,CALLE,CAMINO VIEJO DE VILLAVERDE,34
530665,ALMENDRALES,USERA,FUERA_DE_SERVICIO,40.38207097,-3.69898510,PLAZA,CAMPO DE CRIPTANA,3
530667,ZOFIO,USERA,OPERATIVO,40.38314975,-3.71569784,CALLE,RICARDO BELTRAN Y ROZPIDE,6
530670,ORCASUR,USERA,OPERATIVO,40.37313589,-3.69743825,CALLE,EDUARDO BARREIROS,3 A
530671,MOSCARDO,USERA,OPERATIVO,40.38938532,-3.71122641,CALLE,GENERAL MARVA,72
530672,ORCASITAS,USERA,OPERATIVO,40.37211012,-3.71297925,AVENIDA,RAFAELA YBARRA,70
530673,ORCASITAS,USERA,OPERATIVO,40.36983049,-3.70456555,CALLE,EXPROPIACION,3
530674,MOSCARDO,USERA,OPERATIVO,40.38769559,-3.70346122,CALLE,AMPARO USERA,23
530676,ZOFIO,USERA,OPERATIVO,40.38292314,-3.71157019,CALLE,FORNILLOS,56
530678,SAN FERMIN,USERA,OPERATIVO,40.37773517,-3.69052619,CAMINO,PERALES,90
530679,ORCASITAS,USERA,OPERATIVO,40.36950317,-3.70809340,PLAZA,ASOCIACION,3
530685,VILLAVERDE ALTO - CASCO HISTORICO DE VILLAVERDE,VILLAVERDE,OPERATIVO,40.34954169,-3.71090541,CALLE,VILLALONSO,18
530688,BUTARQUE,VILLAVERDE,OPERATIVO,40.35439183,-3.68345516,CALLE,AMERICIO,25
530689,VILLAVERDE ALTO - CASCO HISTORICO DE VILLAVERDE,VILLAVERDE,OPERATIVO,40.34984775,-3.70768561,CALLE,VILLALONSO,6
530690,VILLAVERDE ALTO - CASCO HISTORICO DE VILLAVERDE,VILLAVERDE,OPERATIVO,40.34754567,-3.71215767,CALLE,PALOMARES,34
530691,LOS ROSALES,VILLAVERDE,OPERATIVO,40.36113741,-3.68500993,CALLE,UNANIMIDAD,23
530692,VILLAVERDE ALTO - CASCO HISTORICO DE VILLAVERDE,VILLAVERDE,OPERATIVO,40.35144040,-3.71703051,PASEO,PLATA Y CASTAÑAR,34
530693,ANGELES,VILLAVERDE,OPERATIVO,40.35051565,-3.70164368,CALLE,ALCOCER,44
530694,ANGELES,VILLAVERDE,OPERATIVO,40.35489857,-3.69616219,CALLE,LA ALEGRIA DE LA HUERTA,12
530696,LOS ROSALES,VILLAVERDE,OPERATIVO,40.35648440,-3.68819147,CALLE,COALICION,20
530404,PALOMERAS SURESTE,PUENTE DE VALLECAS,OPERATIVO,40.37993638,-3.64336520,CALLE,ARAGONESES,8
530406,SAN DIEGO,PUENTE DE VALLECAS,OPERATIVO,40.38931475,-3.66754348,CALLE,SIERRA DE ALQUIFE,2
530407,PALOMERAS SURESTE,PUENTE DE VALLECAS,OPERATIVO,40.39167980,-3.63359853,CALLE,RAFAEL FERNANDEZ HIJICOS,29
530410,PORTAZGO,PUENTE DE VALLECAS,FUERA_DE_SERVICIO,40.39019943,-3.64872592,CALLE,PEDRO CALLEJO,2
530413,SAN DIEGO,PUENTE DE VALLECAS,FUERA_DE_SERVICIO,40.38415604,-3.66788852,CALLE,DOCTOR BELLIDO,23
530415,ENTREVIAS,PUENTE DE VALLECAS,OPERATIVO,40.38724253,-3.67184377,AVENIDA,ENTREVIAS,24
530418,NUMANCIA,PUENTE DE VALLECAS,OPERATIVO,40.39912715,-3.64890529,CALLE,EL BOSCO,22
530419,PALOMERAS SURESTE,PUENTE DE VALLECAS,OPERATIVO,40.37915499,-3.64631124,CALLE,LEONESES,23
530421,PALOMERAS SURESTE,PUENTE DE VALLECAS,OPERATIVO,40.38096244,-3.64127045,CALLE,ASTURIANOS,7
530422,PALOMERAS BAJAS,PUENTE DE VALLECAS,FUERA_DE_SERVICIO,40.37893510,-3.65932846,TRAVESIA,FELIPE DE DIEGO,19
530700,VILLAVERDE ALTO - CASCO HISTORICO DE VILLAVERDE,VILLAVERDE,OPERATIVO,40.34638110,-3.71691959,PASEO,FERROVIARIOS,41
530702,LOS ROSALES,VILLAVERDE,OPERATIVO,40.36250269,-3.68647792,CALLE,UNANIMIDAD,40
530708,VILLAVERDE ALTO - CASCO HISTORICO DE VILLAVERDE,VILLAVERDE,OPERATIVO,40.34212274,-3.70917461,PLAZA,GOMEZ ACEBO,2
530710,LOS ROSALES,VILLAVERDE,OPERATIVO,40.35930386,-3.68396254,CALLE,UNANIMIDAD,43
530711,BUTARQUE,VILLAVERDE,OPERATIVO,40.34116386,-3.67381231,CALLE,ESTEFANITA,74
530714,LOS ROSALES,VILLAVERDE,OPERATIVO,40.36245623,-3.69331417,CALLE,TERTULIA,3
530715,ANGELES,VILLAVERDE,OPERATIVO,40.36363449,-3.69473356,CALLE,LILLO,3 B
530716,BUTARQUE,VILLAVERDE,OPERATIVO,40.34158644,-3.67656724,CALLE,BERROCAL,56 F
530717,SAN CRISTOBAL,VILLAVERDE,OPERATIVO,40.34658783,-3.68668038,CALLE,BENIMAMET,137
530719,BUTARQUE,VILLAVERDE,OPERATIVO,40.34655015,-3.67532998,CALLE,ESTEFANITA,12
530423,PALOMERAS BAJAS,PUENTE DE VALLECAS,OPERATIVO,40.38634344,-3.65987161,CALLE,CANDILEJAS,1
530424,SAN DIEGO,PUENTE DE VALLECAS,OPERATIVO,40.39540653,-3.66657260,CALLE,PEÑA GORBEA,20
530430,ENTREVIAS,PUENTE DE VALLECAS,OPERATIVO,40.37415898,-3.65952315,CALLE,SANTANDERINA,1
530435,PAVONES,MORATALAZ,FUERA_DE_SERVICIO,40.39495025,-3.63748959,CALLE,ARROYO FONTARRON,387
530436,PALOMERAS BAJAS,PUENTE DE VALLECAS,OPERATIVO,40.38837992,-3.65411994,CALLE,ARROYO DEL OLIVAR,146
530438,MARROQUINA,MORATALAZ,OPERATIVO,40.40934209,-3.63411441,CALLE,FOBOS,11
530439,MARROQUINA,MORATALAZ,OPERATIVO,40.41028237,-3.63320924,CALLE,FOBOS,19
530440,NUMANCIA,PUENTE DE VALLECAS,OPERATIVO,40.40367560,-3.65484320,CALLE,CERAMICA,88
530441,ENTREVIAS,PUENTE DE VALLECAS,OPERATIVO,40.37424575,-3.66004195,CALLE,VECINOS DEL POZO,16
530442,SAN DIEGO,PUENTE DE VALLECAS,OPERATIVO,40.39535113,-3.67125896,CALLE,PEÑA UBIÑA,8 A
530443,ENTREVIAS,PUENTE DE VALLECAS,FUERA_DE_SERVICIO,40.37549247,-3.67206419,RONDA,SUR,6 D
530444,MARROQUINA,MORATALAZ,OPERATIVO,40.41018930,-3.63967526,AVENIDA,DOCTOR GARCIA TAPIA,129
530447,MARROQUINA,MORATALAZ,OPERATIVO,40.41043506,-3.63944847,CALLE,JOSE BERGAMIN,1
530449,MARROQUINA,MORATALAZ,FUERA_DE_SERVICIO,40.41144650,-3.63962977,CALLE,JOSE BERGAMIN,30
530450,PALOMERAS BAJAS,PUENTE DE VALLECAS,OPERATIVO,40.38466085,-3.65378872,CALLE,JAVIER DE MIGUEL,126
530453,ENTREVIAS,PUENTE DE VALLECAS,OPERATIVO,40.38509588,-3.67265857,CALLE,AVELINO FERNANDEZ DE LA POZA,19
530455,FONTARRON,MORATALAZ,OPERATIVO,40.40551627,-3.65281598,AVENIDA,MORATALAZ,62
530458,MEDIA LEGUA,MORATALAZ,OPERATIVO,40.40955364,-3.65873253,CALLE,CORREGIDOR DIEGO DE VALDERRABANO,24
530459,ENTREVIAS,PUENTE DE VALLECAS,OPERATIVO,40.38542358,-3.67325538,CALLE,CONCEJO DE TEVERGA,10
530460,PALOMERAS BAJAS,PUENTE DE VALLECAS,OPERATIVO,40.39295010,-3.66375632,CALLE,SIERRA CARBONERA,21
530463,PAVONES,MORATALAZ,FUERA_DE_SERVICIO,40.39565620,-3.63552631,CALLE,ARROYO FONTARRON,437
530465,PALOMERAS SURESTE,PUENTE DE VALLECAS,FUERA_DE_SERVICIO,40.38723594,-3.64373248,CALLE,LUIS BUÑUEL,5
530468,MEDIA LEGUA,MORATALAZ,OPERATIVO,40.41276643,-3.65626564,AVENIDA,DOCTOR GARCIA TAPIA,30
530469,MARROQUINA,MORATALAZ,OPERATIVO,40.40811550,-3.64818348,CALLE,MARROQUINA,38
530471,MARROQUINA,MORATALAZ,OPERATIVO,40.41019113,-3.64439162,CALLE,AUGUSTO GONZALEZ BESADA,16
530721,ANGELES,VILLAVERDE,OPERATIVO,40.36165303,-3.70015435,CALLE,LA CORTE DE FARAON,35
530723,ANGELES,VILLAVERDE,OPERATIVO,40.35512275,-3.69830918,CALLE,DOÑA FRANCISQUITA,15
530725,ANGELES,VILLAVERDE,OPERATIVO,40.35648812,-3.69787046,CALLE,EL HUESPED DEL SEVILLANO,6
530728,TRAFALGAR,CHAMBERI,OPERATIVO,40.43060386,-3.70022303,CALLE,LUCHANA,21
530729,VILLAVERDE ALTO - CASCO HISTORICO DE VILLAVERDE,VILLAVERDE,OPERATIVO,40.35520870,-3.71640611,CALLE,BAJAMAR,1
530730,VILLAVERDE ALTO - CASCO HISTORICO DE VILLAVERDE,VILLAVERDE,OPERATIVO,40.35498334,-3.71506538,CALLE,VERDE VIENTO,4
530732,VILLAVERDE ALTO - CASCO HISTORICO DE VILLAVERDE,VILLAVERDE,OPERATIVO,40.35773596,-3.71799197,CALLE,VERDE VIENTO,12
530734,VILLAVERDE ALTO - CASCO HISTORICO DE VILLAVERDE,VILLAVERDE,OPERATIVO,40.35566184,-3.71787023,CALLE,VERDE VIENTO,12
530736,ALAMEDA DE OSUNA,BARAJAS,FUERA_DE_SERVICIO,40.45273462,-3.60274980,PASEO,ALAMEDA DE OSUNA,8
530737,ARAVACA,MONCLOA-ARAVACA,OPERATIVO,40.45138961,-3.76793035,CALLE,ARROYO DE POZUELO,1
530741,PALOS DE LA FRONTERA,ARGANZUELA,OPERATIVO,40.40705845,-3.69359199,PASEO,SANTA MARIA DE LA CABEZA,1
530743,VILLAVERDE ALTO - CASCO HISTORICO DE VILLAVERDE,VILLAVERDE,OPERATIVO,40.36059658,-3.71718769,AVENIDA,RAFAELA YBARRA,130
530747,VILLAVERDE ALTO - CASCO HISTORICO DE VILLAVERDE,VILLAVERDE,OPERATIVO,40.34618117,-3.70821300,CALLE,DOCTOR MARTIN AREVALO,6
530748,LOS ROSALES,VILLAVERDE,OPERATIVO,40.35365120,-3.68465696,CALLE,FUENTE DE LA CAPONA,11
530749,LOS ROSALES,VILLAVERDE,OPERATIVO,40.35466372,-3.69151844,CALLE,SAHARA,81
530750,LOS ROSALES,VILLAVERDE,OPERATIVO,40.34773702,-3.68704550,CALLE,LEONOR GONGORA,66
530751,VILLAVERDE ALTO - CASCO HISTORICO DE VILLAVERDE,VILLAVERDE,OPERATIVO,40.34263271,-3.69998325,AVENIDA,GRAN VIA DE VILLAVERDE,20
530752,VILLAVERDE ALTO - CASCO HISTORICO DE VILLAVERDE,VILLAVERDE,OPERATIVO,40.34541999,-3.71244534,CALLE,ALBERTO PALACIOS,31
530753,VILLAVERDE ALTO - CASCO HISTORICO DE VILLAVERDE,VILLAVERDE,OPERATIVO,40.34531458,-3.70826485,PLAZA,PARVILLAS,3
530754,VILLAVERDE ALTO - CASCO HISTORICO DE VILLAVERDE,VILLAVERDE,OPERATIVO,40.34378059,-3.71254960,CALLE,ALBERTO PALACIOS,13
530755,VILLAVERDE ALTO - CASCO HISTORICO DE VILLAVERDE,VILLAVERDE,OPERATIVO,40.34605886,-3.71100578,PASEO,ALBERTO PALACIOS,17
530756,ANGELES,VILLAVERDE,OPERATIVO,40.35543254,-3.69369058,PASEO,GIGANTES Y CABEZUDOS,48
530757,SAN CRISTOBAL,VILLAVERDE,OPERATIVO,40.34498213,-3.68787823,CALLE,BURJASOT,20
530759,VILLAVERDE ALTO - CASCO HISTORICO DE VILLAVERDE,VILLAVERDE,OPERATIVO,40.34709249,-3.71333156,CALLE,PALOMARES,61
530761,ANGELES,VILLAVERDE,OPERATIVO,40.35331197,-3.69359160,PASEO,GIGANTES Y CABEZUDOS,62
530763,VILLAVERDE ALTO - CASCO HISTORICO DE VILLAVERDE,VILLAVERDE,OPERATIVO,40.34727438,-3.70737764,PLAZA,MAYOR DE VILLAVERDE,5
530765,ANGELES,VILLAVERDE,OPERATIVO,40.35035441,-3.69809738,TRAVESIA,ARECHAVALETA,5
530766,ANGELES,VILLAVERDE,OPERATIVO,40.35703797,-3.69958055,CALLE,LA CANCION DEL OLVIDO,45
530767,ANGELES,VILLAVERDE,OPERATIVO,40.35432759,-3.70426466,CALLE,LA TABERNERA DEL PUERTO,36
530769,LOS ROSALES,VILLAVERDE,FUERA_DE_SERVICIO,40.35179054,-3.69133601,CALLE,JUAN JOSE MARTINEZ SECO,2
542379,FONTARRON,MORATALAZ,OPERATIVO,40.39903579,-3.64248596,CALLE,ENCOMIENDA DE PALACIOS,190
5489874,PROSPERIDAD,CHAMARTIN,OPERATIVO,40.44804966,-3.66540977,CALLE,CORAZON DE MARIA,78
5842993,PALOMERAS BAJAS,PUENTE DE VALLECAS,FUERA_DE_SERVICIO,40.38488339,-3.66026581,CALLE,PUERTO DE COSTABONA,9
5849302,ALUCHE,LATINA,OPERATIVO,40.39571056,-3.75198249,CALLE,DUQUESA DE PARCENT,120
6497419,ARAPILES,CHAMBERI,OPERATIVO,40.43161016,-3.70708232,PLAZA,CONDE DEL VALLE DE SUCHIL,18
6542299,MEDIA LEGUA,MORATALAZ,OPERATIVO,40.40767041,-3.66010343,AVENIDA,MORATALAZ,25
6755236,ENSANCHE DE VALLECAS,VILLA DE VALLECAS,OPERATIVO,40.36476479,-3.58882538,CALLE,PRINCESA DE KAPURTALA,24
7123960,EMBAJADORES,CENTRO,OPERATIVO,40.41122756,-3.70804168,CALLE,TOLEDO,61
7124253,UNIVERSIDAD,CENTRO,OPERATIVO,40.42442444,-3.71071028,CALLE,MAESTRO GUERRERO,8 A
7124254,UNIVERSIDAD,CENTRO,OPERATIVO,40.42145912,-3.70679948,CALLE,LIBREROS,1
530472,FONTARRON,MORATALAZ,OPERATIVO,40.40659959,-3.65828488,PLAZA,CORREGIDOR ALONSO DE AGUILAR,6
530474,NUMANCIA,PUENTE DE VALLECAS,OPERATIVO,40.40272493,-3.66025239,CALLE,SIERRA TOLEDANA,33
530476,VINATEROS,MORATALAZ,OPERATIVO,40.40363914,-3.63502005,CALLE,LUIS DE HOYOS SAINZ,106
530477,FONTARRON,MORATALAZ,OPERATIVO,40.40095727,-3.64867869,CALLE,ARROYO FONTARRON,10
530480,PAVONES,MORATALAZ,OPERATIVO,40.39921004,-3.62783820,CALLE,BRUJAS,34
530482,FONTARRON,MORATALAZ,OPERATIVO,40.40022136,-3.63749323,CALLE,HACIENDA DE PAVONES,334
530483,PACIFICO,RETIRO,OPERATIVO,40.40087522,-3.67909835,CALLE,TELLEZ,50
530484,VILLAVERDE ALTO - CASCO HISTORICO DE VILLAVERDE,VILLAVERDE,OPERATIVO,40.33312734,-3.69995855,CALLE,TRANSVERSAL SEXTA,17
530485,HORCAJO,MORATALAZ,OPERATIVO,40.40388512,-3.63325795,CALLE,LUIS DE HOYOS SAINZ,144
530487,MEDIA LEGUA,MORATALAZ,OPERATIVO,40.40972851,-3.66117860,CALLE,LITUANIA,3
530489,MEDIA LEGUA,MORATALAZ,OPERATIVO,40.41503199,-3.65893364,CALLE,FELIX RODRIGUEZ DE LA FUENTE,67
530491,SANTA EUGENIA,VILLA DE VALLECAS,FUERA_DE_SERVICIO,40.38145701,-3.60849092,CALLE,ZAZUAR,12
530492,SANTA EUGENIA,VILLA DE VALLECAS,OPERATIVO,40.38206267,-3.61096429,CALLE,PUENTELARRA,24
530494,CASCO HISTORICO DE VALLECAS,VILLA DE VALLECAS,OPERATIVO,40.37492408,-3.61957096,CALLE,SIERRA AITANA,5
530496,CASCO HISTORICO DE VALLECAS,VILLA DE VALLECAS,OPERATIVO,40.38230911,-3.61992843,CALLE,FELIPE ALVAREZ,40
530497,CASCO HISTORICO DE VALLECAS,VILLA DE VALLECAS,OPERATIVO,40.37859708,-3.61848124,CALLE,PICO DE LA CIERVA,2
530498,CASCO HISTORICO DE VALLECAS,VILLA DE VALLECAS,OPERATIVO,40.37478597,-3.62227148,CALLE,PUERTO DE PORZUNA,21
530500,CASCO HISTORICO DE VALLECAS,VILLA DE VALLECAS,OPERATIVO,40.37118046,-3.62388691,CALLE,SIERRA DE BOBIA,73
530501,SANTA EUGENIA,VILLA DE VALLECAS,OPERATIVO,40.37976320,-3.61434444,CALLE,REAL DE ARGANDA,47
530502,CASCO HISTORICO DE VALLECAS,VILLA DE VALLECAS,OPERATIVO,40.38066288,-3.62128579,PLAZA,JUAN DE MALASAÑA,12
530503,CASCO HISTORICO DE VALLECAS,VILLA DE VALLECAS,FUERA_DE_SERVICIO,40.37300379,-3.62442720,CALLE,PUERTO DE PORZUNA,33
530506,CASCO HISTORICO DE VALLECAS,VILLA DE VALLECAS,OPERATIVO,40.37322179,-3.61832855,PLAZA,SIERRA DE GRAZALEMA,3
530507,ENSANCHE DE VALLECAS,VILLA DE VALLECAS,OPERATIVO,40.37183000,-3.61307563,AVENIDA,LA GAVIA,52
530508,ENSANCHE DE VALLECAS,VILLA DE VALLECAS,OPERATIVO,40.36443438,-3.59868484,CALLE,CAÑADA DEL SANTISIMO,39
530514,CASCO HISTORICO DE VICALVARO,VICALVARO,OPERATIVO,40.40513595,-3.59633630,PASEO,POLIDEPORTIVO,146
530515,CASCO HISTORICO DE VICALVARO,VICALVARO,OPERATIVO,40.40780459,-3.59023213,CALLE,ABAD JUAN CATALAN,74
530517,CASCO HISTORICO DE VICALVARO,VICALVARO,OPERATIVO,40.40591113,-3.59795004,CALLE,PEDERNAL,5
530519,CASCO HISTORICO DE VICALVARO,VICALVARO,OPERATIVO,40.40438266,-3.60584049,CALLE,SAN CIPRIANO,27
530522,CASCO HISTORICO DE VICALVARO,VICALVARO,OPERATIVO,40.40596331,-3.59185371,CALLE,ABAD JUAN CATALAN,40
530523,CASCO HISTORICO DE VICALVARO,VICALVARO,OPERATIVO,40.41604119,-3.61367004,AVENIDA,CANILLEJAS A VICALVARO,102
530526,CASCO HISTORICO DE VICALVARO,VICALVARO,OPERATIVO,40.41285261,-3.61197060,CALLE,LARDERO,11
530528,CASCO HISTORICO DE VICALVARO,VICALVARO,OPERATIVO,40.41204339,-3.61651380,AVENIDA,DAROCA,299
530535,VALDEBERNARDO,VICALVARO,OPERATIVO,40.40181597,-3.61957693,PLAZA,JUAN CARLOS ONETTI,6
530539,CASCO HISTORICO DE VICALVARO,VICALVARO,OPERATIVO,40.40743029,-3.59077323,CALLE,ABAD JUAN CATALAN,74
530540,VALDEBERNARDO,VICALVARO,OPERATIVO,40.39951711,-3.62601972,BULEVAR,JOSE PRAT,1
530542,VALDEBERNARDO,VICALVARO,OPERATIVO,40.40233725,-3.62192411,CALLE,JUGLARES,14 G
530543,VALDEBERNARDO,VICALVARO,OPERATIVO,40.39992820,-3.62283182,BULEVAR,INDALECIO PRIETO,30 G
530544,VALDEBERNARDO,VICALVARO,OPERATIVO,40.39938982,-3.61779204,CALLE,CORDEL DE PAVONES,13
530548,CASCO HISTORICO DE VICALVARO,VICALVARO,OPERATIVO,40.40606072,-3.61712989,PLAZA,ALOSNO,4
530551,VALDEBERNARDO,VICALVARO,OPERATIVO,40.39915116,-3.61688426,AVENIDA,DEMOCRACIA,60
530554,OPAÑEL,CARABANCHEL,OPERATIVO,40.39658216,-3.71746263,CALLE,GENERAL RICARDOS,17
530555,VISTA ALEGRE,CARABANCHEL,OPERATIVO,40.39248472,-3.74045906,AVENIDA,NUESTRA SEÑORA DE VALVANERA,111
530557,VALDEBERNARDO,VICALVARO,FUERA_DE_SERVICIO,40.39698804,-3.61689068,AVENIDA,DEMOCRACIA,50
530559,ABRANTES,CARABANCHEL,OPERATIVO,40.37423088,-3.72185740,AVENIDA,POBLADOS,155
530569,BUENAVISTA,CARABANCHEL,OPERATIVO,40.37253884,-3.72716326,CALLE,CERILLERAS,5
530570,ABRANTES,CARABANCHEL,OPERATIVO,40.37943273,-3.72060900,CALLE,VIA LUSITANA,5
530571,EL CAÑAVERAL,VICALVARO,OPERATIVO,40.40093319,-3.56274476,CALLE,VICTORIA KENT,13
530572,ABRANTES,CARABANCHEL,OPERATIVO,40.37753081,-3.72959027,CALLE,VIA LUSITANA,92
530573,ABRANTES,CARABANCHEL,OPERATIVO,40.37441522,-3.73341682,CALLE,VIA LUSITANA,116
530580,PUERTA BONITA,CARABANCHEL,OPERATIVO,40.38637680,-3.73444821,CALLE,PUERTA BONITA,1
7127952,MEDIA LEGUA,MORATALAZ,OPERATIVO,40.41327760,-3.65971647,CALLE,CORREGIDOR DIEGO DE VALDERRABANO,43
7127960,HORCAJO,MORATALAZ,OPERATIVO,40.40837878,-3.62818303,CALLE,LYON,11
7127983,PAVONES,MORATALAZ,OPERATIVO,40.40256398,-3.63318323,CALLE,LUIS DE HOYOS SAINZ,152
7127991,LOS JERONIMOS,RETIRO,OPERATIVO,40.41488728,-3.69296121,CALLE,FELIPE IV,2
7130545,TIMON,BARAJAS,OPERATIVO,40.47045979,-3.59717328,CALLE,MISTRAL,25
530582,ABRANTES,CARABANCHEL,OPERATIVO,40.37596500,-3.72410459,CALLE,CAZALEGAS,2
530583,ABRANTES,CARABANCHEL,OPERATIVO,40.37700386,-3.72595516,CALLE,CAZALEGAS,9
530584,OPAÑEL,CARABANCHEL,OPERATIVO,40.38901448,-3.72485382,CALLE,PORTALEGRE,34
530585,ABRANTES,CARABANCHEL,OPERATIVO,40.37814663,-3.72518463,CALLE,CAZALEGAS,9
530588,BUENAVISTA,CARABANCHEL,OPERATIVO,40.37149775,-3.73744897,AVENIDA,EURO,8
530589,BUENAVISTA,CARABANCHEL,OPERATIVO,40.36889212,-3.76226574,CAMINO,CRUCES,64
530591,ABRANTES,CARABANCHEL,OPERATIVO,40.37837035,-3.72857727,CALLE,VIA LUSITANA,80
530596,ABRANTES,CARABANCHEL,OPERATIVO,40.38067606,-3.72578300,CALLE,VIA LUSITANA,58
530597,PUERTA BONITA,CARABANCHEL,FUERA_DE_SERVICIO,40.38042577,-3.74095633,PLAZA,CARABANCHEL,5
530598,CASCO HISTORICO DE VICALVARO,VICALVARO,FUERA_DE_SERVICIO,40.40953489,-3.60852964,CALLE,VILLABLANCA,1
530605,BUENAVISTA,CARABANCHEL,OPERATIVO,40.37333973,-3.73784752,AVENIDA,POBLADOS,104
530607,BUENAVISTA,CARABANCHEL,OPERATIVO,40.36472724,-3.75263423,CALLE,BLANCA,14
530610,OPAÑEL,CARABANCHEL,OPERATIVO,40.39495727,-3.71675277,CALLE,VERDAD,12
530611,PUERTA BONITA,CARABANCHEL,OPERATIVO,40.37417791,-3.74707001,CALLE,VALERIANA,2
530612,OPAÑEL,CARABANCHEL,OPERATIVO,40.39171518,-3.71612872,CALLE,ANTONIO DE LEYVA,52 C
530613,BUENAVISTA,CARABANCHEL,OPERATIVO,40.37417838,-3.75435210,CALLE,AZCOITIA,7
530619,BUENAVISTA,CARABANCHEL,OPERATIVO,40.36419670,-3.74378657,CALLE,DURO,11
530624,ALUCHE,LATINA,OPERATIVO,40.38443015,-3.75134148,CALLE,OCAÑA,62
530627,BUENAVISTA,CARABANCHEL,OPERATIVO,40.36512115,-3.75873581,CALLE,CIUDAD VIEJA DE CACERES,2
530631,BUENAVISTA,CARABANCHEL,OPERATIVO,40.36353710,-3.75674758,CALLE,MORALES,19  A
530632,BUENAVISTA,CARABANCHEL,OPERATIVO,40.37274116,-3.75867698,PLAZA,MANUEL MATEO,10
530635,BUENAVISTA,CARABANCHEL,OPERATIVO,40.36505411,-3.74755993,CALLE,CIDRO,21
530636,BUENAVISTA,CARABANCHEL,OPERATIVO,40.37217763,-3.73345994,CALLE,SALVADOR VICENTE MARTIN,9
530638,BUENAVISTA,CARABANCHEL,OPERATIVO,40.37303890,-3.72812736,AVENIDA,POBLADOS,127
530640,BUENAVISTA,CARABANCHEL,OPERATIVO,40.36888549,-3.74047645,AVENIDA,EURO,20
530644,ABRANTES,CARABANCHEL,OPERATIVO,40.37664467,-3.73529410,CALLE,BESOLLA,7
530647,PUERTA BONITA,CARABANCHEL,OPERATIVO,40.38052605,-3.74078731,PLAZA,CARABANCHEL,5
530650,COMILLAS,CARABANCHEL,OPERATIVO,40.38872806,-3.71532354,CALLE,GUADALETE,11 B
530651,SAN ISIDRO,CARABANCHEL,OPERATIVO,40.39822965,-3.72819812,PASEO,ERMITA DEL SANTO,74 B
530652,MOSCARDO,USERA,OPERATIVO,40.39259377,-3.70640413,PASEO,SANTA MARIA DE LA CABEZA,93
530653,MOSCARDO,USERA,OPERATIVO,40.38826709,-3.70817419,CALLE,GENERAL MARVA,12 B
530656,ORCASITAS,USERA,OPERATIVO,40.36739244,-3.70635321,RONDA,COOPERATIVAS,4
530658,SAN FERMIN,USERA,OPERATIVO,40.37467143,-3.69217069,CALLE,TACONERA,2
530659,SAN FERMIN,USERA,OPERATIVO,40.37479695,-3.69427205,AVENIDA,ANDALUCIA,1
530660,PRADOLONGO,USERA,OPERATIVO,40.37447152,-3.70868101,AVENIDA,POBLADOS,167
530661,PRADOLONGO,USERA,OPERATIVO,40.37836195,-3.70142168,CALLE,DOCTOR TOLOSA LATOUR,3
530662,PRADOLONGO,USERA,OPERATIVO,40.37357382,-3.70593003,AVENIDA,POBLADOS,169
530663,PRADOLONGO,USERA,OPERATIVO,40.37366300,-3.70989350,AVENIDA,POBLADOS,165
530664,ZOFIO,USERA,FUERA_DE_SERVICIO,40.38251104,-3.71671060,CALLE,RICARDO BELTRAN Y ROZPIDE,13
530666,ORCASITAS,USERA,FUERA_DE_SERVICIO,40.37136240,-3.71282837,PLAZA,MUNGUIA,1
530668,ORCASITAS,USERA,OPERATIVO,40.36996789,-3.71647017,CALLE,IBARRA,15
530669,ORCASITAS,USERA,OPERATIVO,40.36925217,-3.71803080,CALLE,GAINZA,143
530675,ZOFIO,USERA,OPERATIVO,40.38371166,-3.71298292,CALLE,CERECINOS,8
530677,ORCASITAS,USERA,OPERATIVO,40.37167990,-3.71638123,CALLE,GUETARIA,66
530680,ALMENDRALES,USERA,OPERATIVO,40.38503289,-3.70378342,CALLE,ANTONIO SALVADOR,64
530681,ALMENDRALES,USERA,OPERATIVO,40.38328969,-3.70294449,CALLE,PILARICA,70
530682,ORCASITAS,USERA,OPERATIVO,40.36714308,-3.71565605,CALLE,GUETARIA,71
530683,BUTARQUE,VILLAVERDE,OPERATIVO,40.34097122,-3.67505299,CALLE,BERROCAL,74
530684,MOSCARDO,USERA,OPERATIVO,40.38703715,-3.71390810,CALLE,SAN NICOMEDES,14
530686,LOS ROSALES,VILLAVERDE,OPERATIVO,40.35281472,-3.69190429,CALLE,SAHARA,58
530687,BUTARQUE,VILLAVERDE,OPERATIVO,40.34491341,-3.67667937,CALLE,BERROCAL,40
530695,VILLAVERDE ALTO - CASCO HISTORICO DE VILLAVERDE,VILLAVERDE,OPERATIVO,40.34851466,-3.70522434,CALLE,PLATA,20
530697,BUTARQUE,VILLAVERDE,OPERATIVO,40.34784334,-3.67745295,CALLE,BARIO,7
530698,ANGELES,VILLAVERDE,OPERATIVO,40.36168302,-3.69694934,CALLE,LA CORTE DE FARAON,15
530699,ORCASITAS,USERA,OPERATIVO,40.37188675,-3.71863229,CALLE,GAINZA,33
530701,ANGELES,VILLAVERDE,OPERATIVO,40.35399628,-3.69594768,CALLE,LA ALEGRIA DE LA HUERTA,22
530703,LOS ROSALES,VILLAVERDE,OPERATIVO,40.34927439,-3.69110887,CALLE,SANTA FLORENCIA,5
530704,ANGELES,VILLAVERDE,OPERATIVO,40.35080261,-3.69474623,CALLE,ALCOCER,1
530705,VILLAVERDE ALTO - CASCO HISTORICO DE VILLAVERDE,VILLAVERDE,OPERATIVO,40.34744834,-3.71148925,CALLE,PALOMARES,35
530706,ANGELES,VILLAVERDE,OPERATIVO,40.35358598,-3.69711291,CALLE,LA DEL MANOJO DE ROSAS,87
530707,BUTARQUE,VILLAVERDE,OPERATIVO,40.35160154,-3.67650941,AVENIDA,LOS ROSALES,133
530709,SAN CRISTOBAL,VILLAVERDE,OPERATIVO,40.34525527,-3.69070658,CALLE,BURJASOT,6
530712,ANGELES,VILLAVERDE,OPERATIVO,40.36371965,-3.69594247,CALLE,MENASALBAS,6
530718,ANGELES,VILLAVERDE,OPERATIVO,40.35887528,-3.69656900,AVENIDA,LA VERBENA DE LA PALOMA,12  B
530720,ANGELES,VILLAVERDE,OPERATIVO,40.35082912,-3.70013613,CALLE,VIRGEN DE LOS DESAMPARADOS,12 B
530722,ANGELES,VILLAVERDE,OPERATIVO,40.35632314,-3.69873963,CALLE,EL HUESPED DEL SEVILLANO,11
530724,ANGELES,VILLAVERDE,OPERATIVO,40.35772315,-3.69911445,CALLE,LA DEL SOTO DEL PARRAL,59
530726,VILLAVERDE ALTO - CASCO HISTORICO DE VILLAVERDE,VILLAVERDE,OPERATIVO,40.34589669,-3.70255886,CALLE,CHIQUITA,1
530727,TRAFALGAR,CHAMBERI,OPERATIVO,40.43035840,-3.70178815,CALLE,HARTZENBUSCH,10
530731,VILLAVERDE ALTO - CASCO HISTORICO DE VILLAVERDE,VILLAVERDE,OPERATIVO,40.35492644,-3.71321207,CALLE,VERDE VIENTO,91
530735,VILLAVERDE ALTO - CASCO HISTORICO DE VILLAVERDE,VILLAVERDE,OPERATIVO,40.36004876,-3.71543316,AVENIDA,RAFAELA YBARRA,135
530738,LA CONCEPCIÓN,CIUDAD LINEAL,OPERATIVO,40.43571737,-3.65296113,CALLE,VIRGEN DE NURIA,4
530739,NUMANCIA,PUENTE DE VALLECAS,OPERATIVO,40.39355792,-3.65783474,CALLE,CASTALIA DE VALLECAS,1
530740,PUERTA DEL ANGEL,LATINA,OPERATIVO,40.41050249,-3.72612232,PLAZA,EGABRO,4
530742,VILLAVERDE ALTO - CASCO HISTORICO DE VILLAVERDE,VILLAVERDE,OPERATIVO,40.35982963,-3.71779435,AVENIDA,RAFAELA YBARRA,130
530744,PORTAZGO,PUENTE DE VALLECAS,OPERATIVO,40.38840097,-3.65272341,AVENIDA,BUENOS AIRES,17
530746,VENTAS,CIUDAD LINEAL,OPERATIVO,40.42641698,-3.64579889,AVENIDA,DAROCA,94
530760,VILLAVERDE ALTO - CASCO HISTORICO DE VILLAVERDE,VILLAVERDE,OPERATIVO,40.34657744,-3.71588035,PASEO,FERROVIARIOS,35
530762,VILLAVERDE ALTO - CASCO HISTORICO DE VILLAVERDE,VILLAVERDE,OPERATIVO,40.34291606,-3.71481384,CALLE,SANTA JOAQUINA DE VEDRUNA,1
530768,BUTARQUE,VILLAVERDE,OPERATIVO,40.35169762,-3.67797914,AVENIDA,LOS ROSALES,131
530770,BUENAVISTA,CARABANCHEL,OPERATIVO,40.37301196,-3.75509206,CALLE,MADRE CELESTE,4
530793,TRAFALGAR,CHAMBERI,OPERATIVO,40.43410550,-3.70146903,CALLE,ELOY GONZALO,24
5480548,HISPANOAMERICA,CHAMARTIN,OPERATIVO,40.45491848,-3.68094309,PLAZA,VALPARAISO,11
5541618,EL VISO,CHAMARTIN,OPERATIVO,40.44301133,-3.67935784,CALLE,FELIPE CAMPOS,6
5815155,SIMANCAS,SAN BLAS-CANILLEJAS,OPERATIVO,40.43463744,-3.61318921,AVENIDA,ARCENTALES,29
5843625,LEGAZPI,ARGANZUELA,OPERATIVO,40.39187585,-3.68572651,AVENIDA,PLANETARIO,16
5845865,CIUDAD UNIVERSITARIA,MONCLOA-ARAVACA,OPERATIVO,40.45169239,-3.71447536,CALLE,RECTOR ROYO-VILLANOVA,10 C
5846927,LA PAZ,FUENCARRAL-EL PARDO,OPERATIVO,40.48577500,-3.70020336,CALLE,SANGENJO,29
5847548,VALVERDE,FUENCARRAL-EL PARDO,OPERATIVO,40.50278962,-3.66792685,PASEO,SAN MILLAN DE LA COGOLLA,14
6199944,BUENAVISTA,CARABANCHEL,OPERATIVO,40.37368355,-3.75120632,PLAZA,EMPERATRIZ,7
6961517,SOL,CENTRO,OPERATIVO,40.41738854,-3.70131644,CALLE,ALCALA,7
7124101,VALDEACEDERAS,TETUAN,OPERATIVO,40.46793289,-3.70708746,CALLE,CAPITAN BLANCO ARGIBAY,184
7124103,CORRALEJOS,BARAJAS,OPERATIVO,40.46722257,-3.58316550,CALLE,BURRIANA,67
7124255,PALACIO,CENTRO,OPERATIVO,40.41969459,-3.70928891,CUESTA,SANTO DOMINGO,12
7124256,MARROQUINA,MORATALAZ,OPERATIVO,40.41029236,-3.63603429,CALLE,ANTONIO CUMELLA,22
7125294,ROSAS,SAN BLAS-CANILLEJAS,OPERATIVO,40.43607714,-3.60324697,AVENIDA,ARCENTALES,2
7125295,ROSAS,SAN BLAS-CANILLEJAS,OPERATIVO,40.43436232,-3.60275107,AVENIDA,ARCENTALES,37
7125296,ROSAS,SAN BLAS-CANILLEJAS,OPERATIVO,40.43540711,-3.60585394,PLAZA,GRECIA,1
7127954,MEDIA LEGUA,MORATALAZ,OPERATIVO,40.40788252,-3.65586888,CALLE,ENTRE ARROYOS,30
7127955,MEDIA LEGUA,MORATALAZ,OPERATIVO,40.41021953,-3.65326592,CALLE,ARROYO BELINCOSO,13
7127957,MARROQUINA,MORATALAZ,OPERATIVO,40.40903513,-3.64472284,AVENIDA,MORATALAZ,183
7127984,VINATEROS,MORATALAZ,OPERATIVO,40.40179610,-3.63671794,CALLE,HACIENDA DE PAVONES,209
7130547,ALAMEDA DE OSUNA,BARAJAS,OPERATIVO,40.45259941,-3.59551845,CALLE,CATAMARAN,9
7130550,UNIVERSIDAD,CENTRO,OPERATIVO,40.42385303,-3.70711888,CALLE,CRUZ VERDE,16
7130569,JUSTICIA,CENTRO,OPERATIVO,40.42227582,-3.69969991,CALLE,HORTALEZA,37
7130575,AGUILAS,LATINA,OPERATIVO,40.37997972,-3.76899757,CALLE,RAFAEL FINAT,45 B
7131439,SAN FERMIN,USERA,OPERATIVO,40.36716247,-3.68916106,CALLE,CORINDON,10
7131441,ALMENDRALES,USERA,OPERATIVO,40.38026112,-3.69584984,CALLE,ANTONIO LOPEZ,237
7131532,ZOFIO,USERA,OPERATIVO,40.37799597,-3.71303457,CALLE,PARQUE DE LA PALOMA,1
7143277,VALVERDE,FUENCARRAL-EL PARDO,OPERATIVO,40.51033597,-3.67258558,CALLE,PALAS DE REY,17
7143278,VALVERDE,FUENCARRAL-EL PARDO,OPERATIVO,40.50355824,-3.67492693,CALLE,SAN JUAN DE ORTEGA,20 E
7143282,EL GOLOSO,FUENCARRAL-EL PARDO,OPERATIVO,40.50401017,-3.70154430,AVENIDA,MONASTERIO DE EL ESCORIAL,38
7143283,EL GOLOSO,FUENCARRAL-EL PARDO,OPERATIVO,40.50425331,-3.70786753,AVENIDA,MONASTERIO DE EL ESCORIAL,14
7143292,PALACIO,CENTRO,OPERATIVO,40.41559660,-3.71325054,CALLE,ALMUDENA,3
7143543,PALOMERAS BAJAS,PUENTE DE VALLECAS,OPERATIVO,40.38893350,-3.65939191,AVENIDA,PALOMERAS,2
7144048,EMBAJADORES,CENTRO,OPERATIVO,40.41073643,-3.70260865,CALLE,LAVAPIES,19
7144052,PALACIO,CENTRO,OPERATIVO,40.41667957,-3.71187890,CALLE,SAN NICOLAS,15
7144386,SAN DIEGO,PUENTE DE VALLECAS,OPERATIVO,40.38990029,-3.67015315,CALLE,PABLO RICA,1
7144388,PALOMERAS BAJAS,PUENTE DE VALLECAS,OPERATIVO,40.38673867,-3.65572135,CALLE,MIGUEL SAN NARCISO,8
7144389,ENTREVIAS,PUENTE DE VALLECAS,FUERA_DE_SERVICIO,40.37489473,-3.67279059,RONDA,SUR,6 D
7153255,BELLAS VISTAS,TETUAN,OPERATIVO,40.44820589,-3.70550225,CALLE,BRAVO MURILLO,107 C
7153325,CUATRO CAMINOS,TETUAN,OPERATIVO,40.45583059,-3.69340762,AVENIDA,BRASIL,18
7180278,ALMENARA,TETUAN,OPERATIVO,40.46800165,-3.69434977,CALLE,COSTA VERDE,3
7127986,FONTARRON,MORATALAZ,OPERATIVO,40.39674033,-3.64137193,CALLE,LA TACONA,5
7130464,VALDERRIVAS,VICALVARO,OPERATIVO,40.39921399,-3.60309551,CALLE,MINERVA,67
7130546,TIMON,BARAJAS,OPERATIVO,40.47499482,-3.59204145,CALLE,PLAYA DE BOLNUEVO,20
7130548,ALAMEDA DE OSUNA,BARAJAS,OPERATIVO,40.45737217,-3.58792309,CALLE,LA RIOJA,13
7130552,UNIVERSIDAD,CENTRO,OPERATIVO,40.42577692,-3.70716237,CALLE,SAN BERNARDO,55
7130554,UNIVERSIDAD,CENTRO,OPERATIVO,40.42538484,-3.70384111,PLAZA,RASTRILLO,1
7130570,PALACIO,CENTRO,OPERATIVO,40.41973264,-3.71100097,PLAZA,ENCARNACION,2
7130571,GUINDALERA,SALAMANCA,OPERATIVO,40.43957453,-3.66307652,AVENIDA,BRUSELAS,57
7130572,GUINDALERA,SALAMANCA,OPERATIVO,40.44125043,-3.66475965,AVENIDA,BAVIERA,2
7130573,CASTELLANA,SALAMANCA,OPERATIVO,40.43736743,-3.68610383,CALLE,SERRANO,93
7181506,ABRANTES,CARABANCHEL,OPERATIVO,40.37444786,-3.72932460,CALLE,ANTONIO ROMERO,18
7181524,SOL,CENTRO,OPERATIVO,40.41823167,-3.70701476,PLAZA,SAN MARTIN,1
7181569,EMBAJADORES,CENTRO,OPERATIVO,40.41028062,-3.70101188,CALLE,AVE MARIA,34
7181580,VISTA ALEGRE,CARABANCHEL,OPERATIVO,40.38877364,-3.74007614,CALLE,OCA,69
7181668,OPAÑEL,CARABANCHEL,OPERATIVO,40.39496715,-3.72052619,CALLE,GENERAL RICARDOS,53
7181674,SAN ISIDRO,CARABANCHEL,OPERATIVO,40.39743851,-3.73106219,CALLE,CARLOS DABAN,30
7130574,GOYA,SALAMANCA,OPERATIVO,40.42760132,-3.67378271,CALLE,ALCANTARA,22 B
7130595,CAMPAMENTO,LATINA,OPERATIVO,40.39489347,-3.77363584,CALLE,MONTEHERMOSO,18
7130598,AGUILAS,LATINA,OPERATIVO,40.37835425,-3.78042275,CALLE,MIRABEL,17
7130622,LOS CARMENES,LATINA,OPERATIVO,40.40266517,-3.73831293,CALLE,RIOCABADO,7
7131490,GUINDALERA,SALAMANCA,OPERATIVO,40.43569243,-3.67129628,CALLE,PILAR DE ZARAGOZA,54 C
7131533,ZOFIO,USERA,OPERATIVO,40.38462771,-3.71334743,CALLE,MARCELO USERA,151
7140975,SAN DIEGO,PUENTE DE VALLECAS,OPERATIVO,40.39668342,-3.66756652,PLAZA,PUERTO RUBIO,1
7141608,ALMENARA,TETUAN,OPERATIVO,40.47153349,-3.69511931,CALLE,JOAQUIN DICENTA,3
7143151,ZOFIO,USERA,OPERATIVO,40.38369098,-3.71170350,AVENIDA,RAFAELA YBARRA,4
7143287,SOL,CENTRO,OPERATIVO,40.41971965,-3.70715399,CALLE,PRECIADOS,35
7143288,PALACIO,CENTRO,OPERATIVO,40.41335288,-3.71136708,PLAZA,PAJA,6
7143294,PALACIO,CENTRO,OPERATIVO,40.41303627,-3.70824745,CALLE,GRAFAL,10
7143295,JUSTICIA,CENTRO,OPERATIVO,40.42299262,-3.69315742,CALLE,TAMAYO Y BAUS,5
7143330,PALOMERAS BAJAS,PUENTE DE VALLECAS,OPERATIVO,40.38911197,-3.65949516,AVENIDA,PALOMERAS,7
7144043,SOL,CENTRO,OPERATIVO,40.41595266,-3.70431294,PLAZA,PONTEJOS,2
7144044,SOL,CENTRO,OPERATIVO,40.41462495,-3.70705103,CALLE,IMPERIAL,10
7144077,PALACIO,CENTRO,OPERATIVO,40.41590438,-3.71121326,PLAZA,BIOMBO,1
7144387,PALOMERAS BAJAS,PUENTE DE VALLECAS,OPERATIVO,40.39026251,-3.66188936,CALLE,SIERRA BERMEJA,35
7144530,PALOMERAS SURESTE,PUENTE DE VALLECAS,OPERATIVO,40.38108897,-3.63109260,CALLE,EL YESERO,3
7153472,CASTILLEJOS,TETUAN,OPERATIVO,40.45762934,-3.69355562,AVENIDA,BRASIL,19
7180284,VILLAVERDE ALTO - CASCO HISTORICO DE VILLAVERDE,VILLAVERDE,OPERATIVO,40.34237543,-3.70586915,CALLE,LENGUAS,2
7181563,OPAÑEL,CARABANCHEL,OPERATIVO,40.39121480,-3.71746587,CALLE,JOSEFA FERNANDEZ BUTERGA,19
7181578,CORTES,CENTRO,OPERATIVO,40.41532819,-3.69693337,CALLE,SAN AGUSTIN,2
7181673,SAN ISIDRO,CARABANCHEL,OPERATIVO,40.39461518,-3.72859055,CALLE,SUINTILA,6
7182777,PEÑAGRANDE,FUENCARRAL-EL PARDO,OPERATIVO,40.48332491,-3.72143876,CALLE,PICO DE MAJALASNA,3
7183885,EMBAJADORES,CENTRO,OPERATIVO,40.40950524,-3.69596710,CALLE,SANTA ISABEL,47
7183994,UNIVERSIDAD,CENTRO,OPERATIVO,40.42311736,-3.70084488,CALLE,FUENCARRAL,43
7244015,ESTRELLA,RETIRO,OPERATIVO,40.41327595,-3.66227445,CALLE,SIRIO,2
7356651,PINAR DEL REY,HORTALEZA,OPERATIVO,40.47245225,-3.64469185,CALLE,ROGELIO MUÑOZ,12
7356688,PINAR DEL REY,HORTALEZA,OPERATIVO,40.47125040,-3.63974310,CALLE,MAR ADRIATICO,7
7493789,BUENAVISTA,CARABANCHEL,OPERATIVO,40.37156575,-3.75299395,CALLE,GUITARRA,6
7608511,CIUDAD JARDIN,CHAMARTIN,OPERATIVO,40.45020597,-3.67510457,CALLE,MARCENADO,51
7798936,RECOLETOS,SALAMANCA,OPERATIVO,40.42158969,-3.68247376,CALLE,ALCALA,62
7805902,ENSANCHE DE VALLECAS,VILLA DE VALLECAS,OPERATIVO,40.36367579,-3.59106912,CALLE,PILAR DE MADARIAGA ROJO,15
7806626,SAN PASCUAL,CIUDAD LINEAL,OPERATIVO,40.44357848,-3.65248435,AVENIDA,BADAJOZ,17
7822988,CASA DE CAMPO,MONCLOA-ARAVACA,OPERATIVO,40.42498319,-3.72916746,PASEO,COMANDANTE FORTEA,12
7832769,CIUDAD UNIVERSITARIA,MONCLOA-ARAVACA,OPERATIVO,40.45599510,-3.71337884,AVENIDA,DOCTOR FEDERICO RUBIO Y GALI,102
7835694,TIMON,BARAJAS,OPERATIVO,40.47502483,-3.59339367,CALLE,PLAYA DE PONIENTE,9
7835695,TIMON,BARAJAS,OPERATIVO,40.47292508,-3.59696638,CALLE,MISTRAL,3
7835785,MOSCARDO,USERA,OPERATIVO,40.39109144,-3.70501991,CALLE,CALESAS,4
7835826,SAN PASCUAL,CIUDAD LINEAL,OPERATIVO,40.44422315,-3.65482901,CALLE,CONDESA DE VENADITO,3 B
7182776,PEÑAGRANDE,FUENCARRAL-EL PARDO,OPERATIVO,40.48254970,-3.72046972,PLAZA,PICO SALVAGUARDIA,5
7182778,VALVERDE,FUENCARRAL-EL PARDO,OPERATIVO,40.49231594,-3.69013138,CALLE,VILLACASTIN,14
7183886,CORTES,CENTRO,OPERATIVO,40.41558876,-3.69483154,PASEO,PRADO,8
7243997,SAN CRISTOBAL,VILLAVERDE,OPERATIVO,40.34294794,-3.68821093,CALLE,GODELLA,47
7293535,VALVERDE,FUENCARRAL-EL PARDO,OPERATIVO,40.49502831,-3.68847521,PLAZA,DEL BAILE,3
7412031,LUCERO,LATINA,OPERATIVO,40.39726515,-3.75092026,CALLE,CUART DE POBLET,127
7798938,EL GOLOSO,FUENCARRAL-EL PARDO,OPERATIVO,40.50886845,-3.69350568,AVENIDA,MONASTERIO DE EL ESCORIAL,80
7805896,VALDERRIVAS,VICALVARO,OPERATIVO,40.40201088,-3.59696382,AVENIDA,GRAN VIA DEL ESTE,14
7815005,VENTAS,CIUDAD LINEAL,OPERATIVO,40.42234030,-3.65310885,CALLE,NUESTRA SEÑORA DEL VILLAR,11
7815020,VALDEFUENTES,HORTALEZA,OPERATIVO,40.49853345,-3.65650057,AVENIDA,NICETO ALCALA ZAMORA,85
7835697,TIMON,BARAJAS,OPERATIVO,40.47347417,-3.59634069,CALLE,SOLANO,2
7835698,TIMON,BARAJAS,OPERATIVO,40.47498411,-3.58718423,CALLE,PLAYA DE BOLNUEVO,68
7869825,PALOMERAS SURESTE,PUENTE DE VALLECAS,OPERATIVO,40.38301479,-3.64477347,AVENIDA,RAFAEL ALBERTI,51
7889388,ENSANCHE DE VALLECAS,VILLA DE VALLECAS,OPERATIVO,40.36422384,-3.59058854,CALLE,PILAR DE MADARIAGA ROJO,13
7899419,ARCOS,SAN BLAS-CANILLEJAS,OPERATIVO,40.41637959,-3.62063778,TRAVESIA,AQUITANIA,3
7899836,ARCOS,SAN BLAS-CANILLEJAS,OPERATIVO,40.41619571,-3.62112444,TRAVESIA,AQUITANIA,1
7900294,MARROQUINA,MORATALAZ,OPERATIVO,40.40681924,-3.63808322,CALLE,MOLINA DE SEGURA,7
7904858,SAN CRISTOBAL,VILLAVERDE,OPERATIVO,40.34317819,-3.68528801,CALLE,BENIMAMET,24 A
7924260,CASCO HISTORICO DE VICALVARO,VICALVARO,OPERATIVO,40.40597408,-3.59586074,PASEO,POLIDEPORTIVO,144
7935523,CORTES,CENTRO,OPERATIVO,40.41663611,-3.69850227,CARRERA,SAN JERONIMO,21
8003099,REJAS,SAN BLAS-CANILLEJAS,OPERATIVO,40.44511598,-3.59395989,AVENIDA,SEGUNDA,19
8004401,QUINTANA,CIUDAD LINEAL,OPERATIVO,40.43238604,-3.65418811,CALLE,ALCALA,289
8184250,BUTARQUE,VILLAVERDE,OPERATIVO,40.34974121,-3.67926579,CALLE,ORO,9
8186922,AGUILAS,LATINA,OPERATIVO,40.38031412,-3.76749534,CALLE,FUERTE DE NAVIDAD,34
8187037,CAMPAMENTO,LATINA,OPERATIVO,40.39476401,-3.77915073,CALLE,ARENAS DE SAN PEDRO,25
8217227,VALDEFUENTES,HORTALEZA,OPERATIVO,40.49690447,-3.60789191,AVENIDA,MANUEL FRAGA IRIBARNE,208
7838364,IMPERIAL,ARGANZUELA,OPERATIVO,40.41174974,-3.71872145,CALLE,MORENO NIETO,5
7870390,ALMENARA,TETUAN,OPERATIVO,40.46996966,-3.69738717,CALLE,ROSARIO ROMERO,25
7870538,ROSAS,SAN BLAS-CANILLEJAS,OPERATIVO,40.43142301,-3.59727205,AVENIDA,ARCENTALES,57
7870539,ROSAS,SAN BLAS-CANILLEJAS,OPERATIVO,40.43097094,-3.59756750,AVENIDA,ARCENTALES,57
7900283,MARROQUINA,MORATALAZ,OPERATIVO,40.40857343,-3.63910557,CALLE,MOLINA DE SEGURA,2
7935522,CORTES,CENTRO,OPERATIVO,40.41818521,-3.69936792,CALLE,VIRGEN DE LOS PELIGROS,2
8004949,VENTAS,CIUDAD LINEAL,OPERATIVO,40.43268554,-3.65060422,CALLE,ALCALA,294
8137135,AGUILAS,LATINA,OPERATIVO,40.37619001,-3.77149316,CALLE,SOLEDAD CAZORLA,27
8217229,RIOS ROSAS,CHAMBERI,OPERATIVO,40.44619430,-3.69670353,CALLE,RAIMUNDO FERNANDEZ VILLAVERDE,50
8835112,ENSANCHE DE VALLECAS,VILLA DE VALLECAS,OPERATIVO,40.36928809,-3.62901040,CALLE,PUERTO DE PORZUNA,45
8835115,ENSANCHE DE VALLECAS,VILLA DE VALLECAS,OPERATIVO,40.37500025,-3.60966316,CALLE,VILLAMAYOR DE SANTIAGO,13
8835118,ENSANCHE DE VALLECAS,VILLA DE VALLECAS,OPERATIVO,40.37332685,-3.60362608,CALLE,PEÑARANDA DE BRACAMONTE,8 B
8835151,ENSANCHE DE VALLECAS,VILLA DE VALLECAS,OPERATIVO,40.36829147,-3.59150626,CALLE,ALTO DEL RETIRO,6
8888499,VALVERDE,FUENCARRAL-EL PARDO,OPERATIVO,40.50452906,-3.67028088,PASEO,SAN MILLAN DE LA COGOLLA,5 B
8888575,REJAS,SAN BLAS-CANILLEJAS,OPERATIVO,40.44310886,-3.58866490,CALLE,DEYANIRA,8
8891015,ENSANCHE DE VALLECAS,VILLA DE VALLECAS,OPERATIVO,40.37661064,-3.62606895,CALLE,VILLAR DEL OLMO,4 E
8907071,ENSANCHE DE VALLECAS,VILLA DE VALLECAS,OPERATIVO,40.36054773,-3.59724108,CALLE,ANTONIO GADES,48
8907073,PALOMERAS SURESTE,PUENTE DE VALLECAS,OPERATIVO,40.39065890,-3.63792384,CALLE,ANDALUCES,20
8916619,ARAVACA,MONCLOA-ARAVACA,OPERATIVO,40.46073401,-3.78015657,CALLE,ANA TERESA,2
8916649,GUINDALERA,SALAMANCA,OPERATIVO,40.43790121,-3.66239493,PLAZA,BASILEA,3
8217231,RIOS ROSAS,CHAMBERI,OPERATIVO,40.44611336,-3.69611191,CALLE,RAIMUNDO FERNANDEZ VILLAVERDE,50
8363703,MIRASIERRA,FUENCARRAL-EL PARDO,OPERATIVO,40.49715753,-3.71323026,CALLE,COSTA BRAVA,30 B
8779365,VALVERDE,FUENCARRAL-EL PARDO,OPERATIVO,40.49629422,-3.68593409,CALLE,ISLAS PALAOS,4
8800146,CASCO HISTORICO DE BARAJAS,BARAJAS,OPERATIVO,40.47451398,-3.58028874,CALLE,TROPICO,19
8800150,CASCO HISTORICO DE BARAJAS,BARAJAS,OPERATIVO,40.47461336,-3.58038307,CALLE,TROPICO,19
8823823,ALMAGRO,CHAMBERI,FUERA_DE_SERVICIO,40.43679306,-3.69940176,CALLE,SANTA ENGRACIA,78
8834918,VALDEMARIN,MONCLOA-ARAVACA,OPERATIVO,40.47000600,-3.77719071,AVENIDA,VALDEMARIN,67
8835114,ENSANCHE DE VALLECAS,VILLA DE VALLECAS,OPERATIVO,40.36717702,-3.62490862,CALLE,CINCOVILLAS,5
8835122,ENSANCHE DE VALLECAS,VILLA DE VALLECAS,OPERATIVO,40.36358783,-3.60716321,AVENIDA,CERRO MILANO,27
8835185,ENSANCHE DE VALLECAS,VILLA DE VALLECAS,OPERATIVO,40.37574383,-3.62997383,CALLE,CABEZA MESADA,7
8846159,CASCO HISTORICO DE BARAJAS,BARAJAS,OPERATIVO,40.47109291,-3.57758948,CALLE,AYERBE,19
8846166,CASCO HISTORICO DE BARAJAS,BARAJAS,OPERATIVO,40.47225067,-3.57504284,CALLE,ARIES,29
8857556,EL VISO,CHAMARTIN,OPERATIVO,40.44582303,-3.67885268,CALLE,EMILIO CAMPION,6
8857616,ARAVACA,MONCLOA-ARAVACA,OPERATIVO,40.45762569,-3.78577658,CALLE,RISCO DE LOS CLAVELES,2
8857633,VALLEHERMOSO,CHAMBERI,OPERATIVO,40.44067884,-3.70867342,AVENIDA,FILIPINAS,7
8888936,LUCERO,LATINA,OPERATIVO,40.40532077,-3.74930642,CALLE,CEBREROS,80
8888937,PACIFICO,RETIRO,OPERATIVO,40.40322197,-3.67419231,CALLE,GRANADA,55 C
8901499,ALAMEDA DE OSUNA,BARAJAS,OPERATIVO,40.46034596,-3.58362027,CALLE,LA RIOJA,27
8905681,VILLAVERDE ALTO - CASCO HISTORICO DE VILLAVERDE,VILLAVERDE,OPERATIVO,40.34407551,-3.70473694,CALLE,AMADEO FERNANDEZ,17
8907072,HORCAJO,MORATALAZ,OPERATIVO,40.40663061,-3.63179179,CALLE,FUENTE CARRANTONA,28
8916669,FUENTE DEL BERRO,SALAMANCA,OPERATIVO,40.42669911,-3.66285064,CALLE,RAMON DE AGUINAGA,20
8921514,ENTREVIAS,PUENTE DE VALLECAS,OPERATIVO,40.36877910,-3.66056317,CALLE,ESTEBAN CARROS,80
8978626,LA PAZ,FUENCARRAL-EL PARDO,OPERATIVO,40.48254180,-3.70402720,CALLE,SANTIAGO DE COMPOSTELA,46
9017261,JUSTICIA,CENTRO,OPERATIVO,40.42256042,-3.69548470,CALLE,ALMIRANTE,1
9031603,CASA DE CAMPO,MONCLOA-ARAVACA,OPERATIVO,40.40198222,-3.77168984,PASEO,Paseo Puerta del Angel,1
9031606,CASA DE CAMPO,MONCLOA-ARAVACA,OPERATIVO,40.40314883,-3.76135979,PASEO,Paseo Puerta del Angel,1
9031607,CASA DE CAMPO,MONCLOA-ARAVACA,OPERATIVO,40.40834423,-3.76101280,PASEO,Paseo Puerta del Angel,1
9031609,CASA DE CAMPO,MONCLOA-ARAVACA,OPERATIVO,40.40917634,-3.76017772,PASEO,Paseo Puerta del Angel,1
9031610,CASA DE CAMPO,MONCLOA-ARAVACA,OPERATIVO,40.40962296,-3.76040531,PASEO,Paseo Puerta del Angel,1
9031611,CASA DE CAMPO,MONCLOA-ARAVACA,OPERATIVO,40.40857421,-3.75067450,PASEO,Paseo Puerta del Angel,1
9031612,CASA DE CAMPO,MONCLOA-ARAVACA,OPERATIVO,40.40918476,-3.74606619,PASEO,Paseo Puerta del Angel,1
9031616,CASA DE CAMPO,MONCLOA-ARAVACA,OPERATIVO,40.41249117,-3.77786839,PASEO,Paseo Puerta del Angel,1
9031619,CASA DE CAMPO,MONCLOA-ARAVACA,OPERATIVO,40.41260920,-3.75335562,PASEO,Paseo Puerta del Angel,1
9031620,CASA DE CAMPO,MONCLOA-ARAVACA,OPERATIVO,40.41634421,-3.75337531,PASEO,Paseo Puerta del Angel,1
9031624,CASA DE CAMPO,MONCLOA-ARAVACA,OPERATIVO,40.41780911,-3.74132818,PASEO,Paseo Puerta del Angel,1
9031625,CASA DE CAMPO,MONCLOA-ARAVACA,OPERATIVO,40.41845673,-3.74011539,PASEO,Paseo Puerta del Angel,1
9031626,CASA DE CAMPO,MONCLOA-ARAVACA,OPERATIVO,40.41762347,-3.73862269,PASEO,Paseo Puerta del Angel,1
9031629,CASA DE CAMPO,MONCLOA-ARAVACA,OPERATIVO,40.41595397,-3.73598329,PASEO,Paseo Puerta del Angel,1
9031635,CASA DE CAMPO,MONCLOA-ARAVACA,OPERATIVO,40.41795807,-3.72593200,PASEO,Paseo Puerta del Angel,1
9031643,CASA DE CAMPO,MONCLOA-ARAVACA,OPERATIVO,40.42095601,-3.74170876,PASEO,Paseo Puerta del Angel,1
9031645,CASA DE CAMPO,MONCLOA-ARAVACA,OPERATIVO,40.42066556,-3.74932187,PASEO,Paseo Puerta del Angel,1
9031647,CASA DE CAMPO,MONCLOA-ARAVACA,OPERATIVO,40.41907861,-3.75961734,PASEO,Paseo Puerta del Angel,1
9031650,CASA DE CAMPO,MONCLOA-ARAVACA,OPERATIVO,40.42331365,-3.75816137,PASEO,Paseo Puerta del Angel,1
9031651,CASA DE CAMPO,MONCLOA-ARAVACA,OPERATIVO,40.42264764,-3.75562218,PASEO,Paseo Puerta del Angel,1
9031654,CASA DE CAMPO,MONCLOA-ARAVACA,OPERATIVO,40.42479069,-3.73357539,PASEO,Paseo Puerta del Angel,1
9031659,CASA DE CAMPO,MONCLOA-ARAVACA,OPERATIVO,40.42720756,-3.75000191,PASEO,Paseo Puerta del Angel,1
9031664,CASA DE CAMPO,MONCLOA-ARAVACA,OPERATIVO,40.43333142,-3.76013614,PASEO,Paseo Puerta del Angel,1
9031667,CASA DE CAMPO,MONCLOA-ARAVACA,OPERATIVO,40.43339344,-3.73955452,PASEO,Paseo Puerta del Angel,1
8918839,PILAR,FUENCARRAL-EL PARDO,OPERATIVO,40.47454046,-3.71142695,AVENIDA,BETANZOS,37 A
8988208,SAN CRISTOBAL,VILLAVERDE,OPERATIVO,40.34119059,-3.68439501,CALLE,PATERNA,33
9031604,CASA DE CAMPO,MONCLOA-ARAVACA,OPERATIVO,40.40131806,-3.76385557,PASEO,Paseo Puerta del Angel,1
9031605,CASA DE CAMPO,MONCLOA-ARAVACA,OPERATIVO,40.40250656,-3.76120633,PASEO,Paseo Puerta del Angel,1
9032292,CORRALEJOS,BARAJAS,OPERATIVO,40.46428527,-3.60430712,GTA,S.A.R. DON JUAN DE BORBÓN Y BATTEMBERG,5
9031608,CASA DE CAMPO,MONCLOA-ARAVACA,OPERATIVO,40.40844728,-3.76068643,PASEO,Paseo Puerta del Angel,1
9031613,CASA DE CAMPO,MONCLOA-ARAVACA,OPERATIVO,40.40985339,-3.74366938,PASEO,Paseo Puerta del Angel,1
9031614,CASA DE CAMPO,MONCLOA-ARAVACA,OPERATIVO,40.41015278,-3.74242299,PASEO,Paseo Puerta del Angel,1
9031617,CASA DE CAMPO,MONCLOA-ARAVACA,OPERATIVO,40.41199304,-3.77455831,PASEO,Paseo Puerta del Angel,1
9031622,CASA DE CAMPO,MONCLOA-ARAVACA,OPERATIVO,40.41748759,-3.74341098,PASEO,Paseo Puerta del Angel,1
9031623,CASA DE CAMPO,MONCLOA-ARAVACA,OPERATIVO,40.41807332,-3.74280492,PASEO,Paseo Puerta del Angel,1
9031627,CASA DE CAMPO,MONCLOA-ARAVACA,OPERATIVO,40.41792916,-3.73812677,PASEO,Paseo Puerta del Angel,1
9031632,CASA DE CAMPO,MONCLOA-ARAVACA,OPERATIVO,40.41861663,-3.73003645,PASEO,Paseo Puerta del Angel,1
9031636,CASA DE CAMPO,MONCLOA-ARAVACA,OPERATIVO,40.41692950,-3.72440373,PASEO,Paseo Puerta del Angel,1
9031638,CASA DE CAMPO,MONCLOA-ARAVACA,OPERATIVO,40.41795484,-3.72332321,PASEO,Paseo Puerta del Angel,1
9031639,CASA DE CAMPO,MONCLOA-ARAVACA,OPERATIVO,40.41962885,-3.73111405,PASEO,Paseo Puerta del Angel,1
9046768,GOYA,SALAMANCA,OPERATIVO,40.42422254,-3.67658009,AVENIDA,FELIPE II,4
9031642,CASA DE CAMPO,MONCLOA-ARAVACA,OPERATIVO,40.42053915,-3.73562156,PASEO,Paseo Puerta del Angel,1
9031646,CASA DE CAMPO,MONCLOA-ARAVACA,OPERATIVO,40.41772817,-3.75991222,PASEO,Paseo Puerta del Angel,1
9031648,CASA DE CAMPO,MONCLOA-ARAVACA,OPERATIVO,40.41973563,-3.77645215,PASEO,Paseo Puerta del Angel,1
9031649,CASA DE CAMPO,MONCLOA-ARAVACA,OPERATIVO,40.42270619,-3.76665565,PASEO,Paseo Puerta del Angel,1
9031652,CASA DE CAMPO,MONCLOA-ARAVACA,OPERATIVO,40.42474529,-3.75630579,PASEO,Paseo Puerta del Angel,1
9031657,CASA DE CAMPO,MONCLOA-ARAVACA,OPERATIVO,40.42826225,-3.73665181,PASEO,Paseo Puerta del Angel,1
9031660,CASA DE CAMPO,MONCLOA-ARAVACA,OPERATIVO,40.42922368,-3.74982041,PASEO,Paseo Puerta del Angel,1
9031661,CASA DE CAMPO,MONCLOA-ARAVACA,OPERATIVO,40.42659003,-3.75993584,PASEO,Paseo Puerta del Angel,1
9031665,CASA DE CAMPO,MONCLOA-ARAVACA,OPERATIVO,40.43384752,-3.74560994,PASEO,Paseo Puerta del Angel,1
9031666,CASA DE CAMPO,MONCLOA-ARAVACA,OPERATIVO,40.43364645,-3.74196976,PASEO,Paseo Puerta del Angel,1
9031668,CASA DE CAMPO,MONCLOA-ARAVACA,OPERATIVO,40.43414403,-3.73932387,PASEO,Paseo Puerta del Angel,1
9031670,CASA DE CAMPO,MONCLOA-ARAVACA,OPERATIVO,40.43489623,-3.74159902,PASEO,Paseo Puerta del Angel,1
9031671,CASA DE CAMPO,MONCLOA-ARAVACA,OPERATIVO,40.44014946,-3.76531674,PASEO,Paseo Puerta del Angel,1
9032289,CORRALEJOS,BARAJAS,OPERATIVO,40.46474228,-3.60447425,GTA,S.A.R. DON JUAN DE BORBÓN Y BATTEMBERG,5
9047983,ESTRELLA,RETIRO,OPERATIVO,40.40834090,-3.66568983,CALLE,SIRIO,70
9049038,NUMANCIA,PUENTE DE VALLECAS,OPERATIVO,40.39182873,-3.65548204,CALLE,CANTALAPIEDRA,2
9049057,PALOMERAS BAJAS,PUENTE DE VALLECAS,OPERATIVO,40.38775481,-3.65779987,CALLE,MARIA TERESA ROBLEDO,3
9049060,PALOMERAS BAJAS,PUENTE DE VALLECAS,OPERATIVO,40.38577483,-3.65921666,CALLE,PUERTO DE COSTABONA,5
9049061,PALOMERAS BAJAS,PUENTE DE VALLECAS,OPERATIVO,40.38781693,-3.65804330,CALLE,MARIA TERESA ROBLEDO,3
9049630,BUTARQUE,VILLAVERDE,OPERATIVO,40.35690491,-3.68184778,CALLE,AMERICIO,2
9099889,VALDEACEDERAS,TETUAN,OPERATIVO,40.46973214,-3.71131797,CALLE,CAPITAN BLANCO ARGIBAY,173
9123528,CASCO HISTORICO DE BARAJAS,BARAJAS,OPERATIVO,40.47681557,-3.57905049,CALLE,IBERIA,16
9123529,CASCO HISTORICO DE BARAJAS,BARAJAS,OPERATIVO,40.47713327,-3.57780472,CALLE,VENUS,9
9164311,IBIZA,RETIRO,OPERATIVO,40.42137428,-3.67608131,CALLE,NARVAEZ,28
9167059,PACIFICO,RETIRO,OPERATIVO,40.40459390,-3.67339886,CALLE,CAVANILLES,56
9175260,AGUILAS,LATINA,OPERATIVO,40.37309553,-3.76314897,CALLE,JOAQUIN TURINA,96
9183024,ADELFAS,RETIRO,FUERA_DE_SERVICIO,40.40354088,-3.66935612,CALLE,LUIS MITJANS,52 E
9185054,AGUILAS,LATINA,OPERATIVO,40.38846992,-3.76692801,CALLE,ONIL,12
9191525,VALDEFUENTES,HORTALEZA,OPERATIVO,40.50307102,-3.65383583,CALLE,VICENTE BLASCO IBAÑEZ,81
9198730,ENSANCHE DE VALLECAS,VILLA DE VALLECAS,OPERATIVO,40.36958344,-3.60991376,CALLE,CORRAL DE ALMAGUER,29
9201780,LUCERO,LATINA,CERRADA_TEMPORALMENTE,40.39823068,-3.74541295,CALLE,CUART DE POBLET,11
9201781,AGUILAS,LATINA,OPERATIVO,40.38335328,-3.76427907,CALLE,VIDAUBA,4
9212801,SAN CRISTOBAL,VILLAVERDE,OPERATIVO,40.34029944,-3.68438398,CALLE,PATERNA,45 D
9262671,VALDEACEDERAS,TETUAN,OPERATIVO,40.46409063,-3.69811615,PLAZA,REMONTA,18
9262844,VALDEFUENTES,HORTALEZA,OPERATIVO,40.48367215,-3.63003230,CALLE,HERMANOS GASCON,76
9278148,SAN FERMIN,USERA,OPERATIVO,40.36728652,-3.68566121,CAMINO,PERALES,156
9278180,VILLAVERDE ALTO - CASCO HISTORICO DE VILLAVERDE,VILLAVERDE,OPERATIVO,40.34584361,-3.71661576,PASEO,FERROVIARIOS,45
9284707,FONTARRON,MORATALAZ,OPERATIVO,40.40030361,-3.64503636,CALLE,ENCOMIENDA DE PALACIOS,62
9285545,SANTA EUGENIA,VILLA DE VALLECAS,OPERATIVO,40.38115750,-3.61625635,CALLE,SIERRA GORDA,31
9288907,VINATEROS,MORATALAZ,OPERATIVO,40.40768602,-3.64581169,AVENIDA,MORATALAZ,164
9289322,CUATRO CAMINOS,TETUAN,OPERATIVO,40.45283925,-3.69287005,AVENIDA,GENERAL PERON,29
9290189,ARCOS,SAN BLAS-CANILLEJAS,OPERATIVO,40.42061499,-3.62172429,CALLE,ARCOS DE JALON,20
9291966,LOS ROSALES,VILLAVERDE,OPERATIVO,40.35532255,-3.69042723,CALLE,VILLAJOYOSA,75
9295074,BUENAVISTA,CARABANCHEL,OPERATIVO,40.37464068,-3.75557244,CAMINO,CRUCES,6
9295144,NUMANCIA,PUENTE DE VALLECAS,OPERATIVO,40.39975496,-3.64986729,CALLE,RAMON PEREZ DE AYALA,15
9296045,AGUILAS,LATINA,OPERATIVO,40.38489575,-3.76264711,AVENIDA,LAS AGUILAS,1 B
9303658,PROSPERIDAD,CHAMARTIN,OPERATIVO,40.43901256,-3.67880284,CALLE,PRINCIPE DE VERGARA,108
9303687,EL VISO,CHAMARTIN,OPERATIVO,40.44003931,-3.68082789,GLORIETA,LOPEZ DE HOYOS,10
9310059,PALACIO,CENTRO,OPERATIVO,40.41382065,-3.71636747,CALLE,SEGOVIA,39
9310077,ROSAS,SAN BLAS-CANILLEJAS,OPERATIVO,40.42988712,-3.59995451,CALLE,ESTOCOLMO,26 K
9329801,BUENAVISTA,CARABANCHEL,OPERATIVO,40.37200321,-3.75176933,AVENIDA,CARABANCHEL ALTO,13
9329812,BUENAVISTA,CARABANCHEL,OPERATIVO,40.37357071,-3.75007961,PLAZA,SEIS DE DICIEMBRE,5
9345631,SOL,CENTRO,OPERATIVO,40.41666620,-3.70196892,CARRERA,SAN JERONIMO,2
9349314,VILLAVERDE ALTO - CASCO HISTORICO DE VILLAVERDE,VILLAVERDE,FUERA_DE_SERVICIO,40.36401577,-3.71453188,AVENIDA,RAFAELA YBARRA,131
9042806,JUSTICIA,CENTRO,OPERATIVO,40.41898319,-3.69647548,CALLE,ALCALA,45
9046770,GOYA,SALAMANCA,OPERATIVO,40.42388051,-3.67592656,CALLE,NARVAEZ,2
9046975,LOS JERONIMOS,RETIRO,OPERATIVO,40.41986843,-3.68028683,Plaza,Plaza Independencia,7
9047023,CIUDAD UNIVERSITARIA,MONCLOA-ARAVACA,OPERATIVO,40.45459817,-3.72283347,CARRETERA,DEHESA DE LA VILLA,1
9047029,CIUDAD UNIVERSITARIA,MONCLOA-ARAVACA,OPERATIVO,40.45774874,-3.72324464,CARRETERA,DEHESA DE LA VILLA,1
9047036,CIUDAD UNIVERSITARIA,MONCLOA-ARAVACA,OPERATIVO,40.45733273,-3.72780447,CARRETERA,DEHESA DE LA VILLA,1
9127170,SAN ISIDRO,CARABANCHEL,OPERATIVO,40.40001440,-3.72523658,PASEO,ERMITA DEL SANTO,74
9127172,SAN ISIDRO,CARABANCHEL,OPERATIVO,40.39796997,-3.72947620,PASEO,ERMITA DEL SANTO,76
9175259,AGUILAS,LATINA,OPERATIVO,40.37399644,-3.76294357,CALLE,MUNTADAS,11
9177673,SANTA EUGENIA,VILLA DE VALLECAS,OPERATIVO,40.38439532,-3.61804782,AVENIDA,GRAN VIA DEL ESTE,80
9179667,LOS ROSALES,VILLAVERDE,OPERATIVO,40.34855140,-3.68731295,CALLE,EDUARDO MINGUITO,57
9182272,ENSANCHE DE VALLECAS,VILLA DE VALLECAS,OPERATIVO,40.37577552,-3.63087139,CARRETERA,VILLAVERDE A VALLECAS,295
9182927,VALDERRIVAS,VICALVARO,OPERATIVO,40.40186359,-3.59596568,CALLE,SAN CIPRIANO,81
9183097,TRAFALGAR,CHAMBERI,OPERATIVO,40.43061967,-3.69974384,CALLE,LUCHANA,24
9187548,CASCO HISTORICO DE VALLECAS,VILLA DE VALLECAS,OPERATIVO,40.37474242,-3.62571899,CALLE,SIERRA DE PALOMERAS,32
9187549,CASCO HISTORICO DE VALLECAS,VILLA DE VALLECAS,OPERATIVO,40.37374703,-3.62491278,CALLE,CABEZA MESADA,31
9199232,BUENAVISTA,CARABANCHEL,OPERATIVO,40.36095128,-3.76763809,CALLE,TORTA,10
9199233,BUENAVISTA,CARABANCHEL,OPERATIVO,40.35959818,-3.76166952,CALLE,MORALES,50
9199241,VILLAVERDE ALTO - CASCO HISTORICO DE VILLAVERDE,VILLAVERDE,OPERATIVO,40.33349535,-3.70163170,CALLE,SAN EUSTAQUIO,26
9208518,TIMON,BARAJAS,OPERATIVO,40.48171618,-3.60561543,CALLE,JULIO CANO LASSO,1 A
9214404,VENTAS,CIUDAD LINEAL,OPERATIVO,40.43094889,-3.65100022,CALLE,ALAVA,11
9223763,NUMANCIA,PUENTE DE VALLECAS,OPERATIVO,40.40476552,-3.66216805,CALLE,FILOSOFA SIMONE WEIL,10
9226785,BUTARQUE,VILLAVERDE,OPERATIVO,40.35168119,-3.68172398,CALLE,MIGUEL SOLAS,6
9247181,HISPANOAMERICA,CHAMARTIN,OPERATIVO,40.45419582,-3.66451774,PASEO,CEREZOS,6
9256676,PALACIO,CENTRO,OPERATIVO,40.42150833,-3.71334145,CALLE,BAILEN,2
9260741,LOS JERONIMOS,RETIRO,OPERATIVO,40.41657693,-3.69205173,PLAZA,LEALTAD,1
9262054,HORCAJO,MORATALAZ,OPERATIVO,40.40660644,-3.62570462,AVENIDA,DOCTOR GARCIA TAPIA,165
9262675,VALDEACEDERAS,TETUAN,OPERATIVO,40.46372775,-3.69748511,PLAZA,REMONTA,11
9262676,VALDEACEDERAS,TETUAN,OPERATIVO,40.46447847,-3.69658262,CALLE,MAGDALENA DIEZ,7
9272894,LA CONCEPCIÓN,CIUDAD LINEAL,OPERATIVO,40.43477358,-3.65473509,CALLE,VIRGEN DE LLUC,1
9349571,LA PAZ,FUENCARRAL-EL PARDO,OPERATIVO,40.48506032,-3.69810814,CALLE,SANTIAGO DE COMPOSTELA,10
9349572,LA PAZ,FUENCARRAL-EL PARDO,OPERATIVO,40.48416903,-3.69921338,CALLE,SANTIAGO DE COMPOSTELA,22
9367634,VALDEFUENTES,HORTALEZA,OPERATIVO,40.47038926,-3.62908509,CALLE,TOMAS REDONDO,6
9376959,NUEVA ESPAÑA,CHAMARTIN,OPERATIVO,40.46322682,-3.67032031,CALLE,DRACENA,23
9438289,PILAR,FUENCARRAL-EL PARDO,OPERATIVO,40.48027989,-3.71181431,PASEO,VAGUADA,13
9273135,ALUCHE,LATINA,OPERATIVO,40.39317767,-3.76578982,CALLE,MAQUEDA,28
9277558,VALDEACEDERAS,TETUAN,OPERATIVO,40.46709164,-3.70482387,CALLE,CAPITAN BLANCO ARGIBAY,117
9277595,AGUILAS,LATINA,OPERATIVO,40.37560189,-3.77045407,CALLE,SOLEDAD CAZORLA,59
9284705,VINATEROS,MORATALAZ,OPERATIVO,40.40493955,-3.64438596,CALLE,CAÑADA,32
9284709,FONTARRON,MORATALAZ,OPERATIVO,40.40198391,-3.64650401,CALLE,CORREGIDOR JUAN FRANCISCO DE LUJAN,81
9438310,PILAR,FUENCARRAL-EL PARDO,OPERATIVO,40.48049259,-3.71051290,PASEO,VAGUADA,13
9438314,PILAR,FUENCARRAL-EL PARDO,OPERATIVO,40.48118321,-3.70799558,PASEO,VAGUADA,3
9438333,LA PAZ,FUENCARRAL-EL PARDO,OPERATIVO,40.48347032,-3.69986956,CALLE,PEDRO RICO,41
9461371,RIOS ROSAS,CHAMBERI,OPERATIVO,40.44334435,-3.70248931,CALLE,SANTA ENGRACIA,141
9513865,VALLEHERMOSO,CHAMBERI,OPERATIVO,40.43946629,-3.70799567,GALERIA,VALLEHERMOSO,2
9522584,PORTAZGO,PUENTE DE VALLECAS,OPERATIVO,40.39237317,-3.65262163,CALLE,CARLOS SOLE,34
9535262,LUCERO,LATINA,OPERATIVO,40.39752146,-3.75480717,CALLE,LOS YEBENES,6
9540610,CASTILLEJOS,TETUAN,OPERATIVO,40.46220979,-3.69419275,PLAZA,ANGEL CARBAJO,8
9540612,LA PAZ,FUENCARRAL-EL PARDO,OPERATIVO,40.47964203,-3.70401396,AVENIDA,MONFORTE DE LEMOS,97
9558761,VALDEZARZA,MONCLOA-ARAVACA,OPERATIVO,40.46780317,-3.71540299,CALLE,ISLAS BISAGOS,13
9560049,SANTA EUGENIA,VILLA DE VALLECAS,OPERATIVO,40.38079314,-3.61745681,CALLE,SIERRA DEL TORCAL,20
9560051,SANTA EUGENIA,VILLA DE VALLECAS,OPERATIVO,40.37913597,-3.60299372,CALLE,POZA DE LA SAL,2
9560920,ENSANCHE DE VALLECAS,VILLA DE VALLECAS,OPERATIVO,40.36941539,-3.61310633,AVENIDA,ENSANCHE DE VALLECAS,14 G
9560942,SAN FERMIN,USERA,OPERATIVO,40.36897835,-3.68800611,CALLE,ADORA,12
9566593,OPAÑEL,CARABANCHEL,OPERATIVO,40.38673519,-3.72760863,AVENIDA,OPORTO,78
9284711,PRADOLONGO,USERA,OPERATIVO,40.37777992,-3.71191118,AVENIDA,RAFAELA YBARRA,75
9284971,VINATEROS,MORATALAZ,OPERATIVO,40.40236676,-3.63849957,CALLE,HACIENDA DE PAVONES,175
9288905,FONTARRON,MORATALAZ,OPERATIVO,40.40027971,-3.64170669,CALLE,ENCOMIENDA DE PALACIOS,89
9288906,VINATEROS,MORATALAZ,OPERATIVO,40.40708753,-3.64205662,CALLE,CAMINO DE LOS VINATEROS,143
9289311,CUATRO CAMINOS,TETUAN,OPERATIVO,40.45272854,-3.69542912,AVENIDA,GENERAL PERON,23
9289989,ORCASUR,USERA,OPERATIVO,40.37086729,-3.69977910,AVENIDA,POBLADOS,154
9291588,VILLAVERDE ALTO - CASCO HISTORICO DE VILLAVERDE,VILLAVERDE,OPERATIVO,40.34693065,-3.70867697,PLAZA,AGATA,11
9291849,PILAR,FUENCARRAL-EL PARDO,OPERATIVO,40.47721058,-3.71604415,AVENIDA,MONFORTE DE LEMOS,180
9291850,PILAR,FUENCARRAL-EL PARDO,OPERATIVO,40.47759972,-3.71600874,AVENIDA,MONFORTE DE LEMOS,180
9294908,ALMENARA,TETUAN,OPERATIVO,40.47421670,-3.70012171,CALLE,SINESIO DELGADO,13
9295073,PALACIO,CENTRO,OPERATIVO,40.41402880,-3.71660788,CALLE,SEGOVIA,39
9295075,PALOMERAS SURESTE,PUENTE DE VALLECAS,OPERATIVO,40.38204584,-3.64412738,CALLE,ARAGONESES,4
9303606,EL VISO,CHAMARTIN,OPERATIVO,40.44181389,-3.68225834,CALLE,JOAQUIN COSTA,51
9303613,CIUDAD JARDIN,CHAMARTIN,OPERATIVO,40.44182744,-3.67806381,CALLE,LOPEZ DE HOYOS,55
9310078,ROSAS,SAN BLAS-CANILLEJAS,OPERATIVO,40.42296115,-3.60035785,CALLE,SOFIA,12
9326765,CASCO HISTORICO DE BARAJAS,BARAJAS,OPERATIVO,40.47247969,-3.57530542,CALLE,ARIES,25
9344732,SOL,CENTRO,OPERATIVO,40.41683188,-3.70486425,CALLE,ARENAL,1
9348731,ATOCHA,ARGANZUELA,OPERATIVO,40.39608563,-3.67726917,CALLE,OMBU,16
9349565,LA PAZ,FUENCARRAL-EL PARDO,OPERATIVO,40.48492844,-3.69769705,CALLE,SANTIAGO DE COMPOSTELA,10
9349650,LA PAZ,FUENCARRAL-EL PARDO,OPERATIVO,40.48365073,-3.70070331,CALLE,SANTIAGO DE COMPOSTELA,30
9349651,PILAR,FUENCARRAL-EL PARDO,OPERATIVO,40.48140942,-3.70834594,CALLE,SANTIAGO DE COMPOSTELA,60
9372914,MIRASIERRA,FUENCARRAL-EL PARDO,OPERATIVO,40.49993256,-3.70131548,CALLE,MONASTERIO DE EL PAULAR,136
9388044,VALDEACEDERAS,TETUAN,OPERATIVO,40.46855857,-3.70219364,CALLE,ESPERANZA SANCHEZ CARRASCOSA,44
9438299,PILAR,FUENCARRAL-EL PARDO,OPERATIVO,40.48033479,-3.71180239,PASEO,VAGUADA,13
9438311,PILAR,FUENCARRAL-EL PARDO,OPERATIVO,40.48108545,-3.70799923,PASEO,VAGUADA,3
9438317,PILAR,FUENCARRAL-EL PARDO,OPERATIVO,40.48150843,-3.70597227,PASEO,VAGUADA,1
9438327,LA PAZ,FUENCARRAL-EL PARDO,OPERATIVO,40.48189599,-3.70427581,CALLE,PEDRO RICO,51
9438337,LA PAZ,FUENCARRAL-EL PARDO,OPERATIVO,40.48342274,-3.69896767,CALLE,ARZOBISPO MORCILLO,17
9438357,LA PAZ,FUENCARRAL-EL PARDO,OPERATIVO,40.48201721,-3.70428177,CALLE,PEDRO RICO,51
9463327,RIOS ROSAS,CHAMBERI,OPERATIVO,40.44219274,-3.70198011,CALLE,SANTA ENGRACIA,131
9497212,CASCO HISTORICO DE VICALVARO,VICALVARO,OPERATIVO,40.40450286,-3.60468319,CALLE,SAN CIPRIANO,29 B
9509801,DELICIAS,ARGANZUELA,OPERATIVO,40.39425645,-3.69338195,CALLE,ALICANTE,5
9509822,JUSTICIA,CENTRO,OPERATIVO,40.42481780,-3.69089334,PASEO,RECOLETOS,43
9535019,PEÑAGRANDE,FUENCARRAL-EL PARDO,OPERATIVO,40.47777213,-3.72229465,CALLE,ISLAS HEBRIDAS,23
9535385,PROSPERIDAD,CHAMARTIN,OPERATIVO,40.44503604,-3.66475481,CALLE,PADRE CLARET,4
9537351,PALOMERAS SURESTE,PUENTE DE VALLECAS,OPERATIVO,40.38662285,-3.63950763,AVENIDA,ALBUFERA,280
9537436,SANTA EUGENIA,VILLA DE VALLECAS,OPERATIVO,40.38321983,-3.60480874,CALLE,ZAZUAR,2
9540603,ALMENARA,TETUAN,OPERATIVO,40.46592537,-3.69021374,CALLE,BRAVO MURILLO,379
9540613,PEÑAGRANDE,FUENCARRAL-EL PARDO,OPERATIVO,40.47635761,-3.72213681,CALLE,ISLAS BAHAMAS,5
9552083,VALVERDE,FUENCARRAL-EL PARDO,OPERATIVO,40.51093671,-3.67607788,CALLE,ISABEL COLBRAND,14
9557681,ZOFIO,USERA,OPERATIVO,40.37559396,-3.71700678,CALLE,RICARDO BELTRAN Y ROZPIDE,59 B
9557791,ALMENDRALES,USERA,OPERATIVO,40.38322270,-3.70135409,CALLE,EVANGELIOS,6
9558123,ENSANCHE DE VALLECAS,VILLA DE VALLECAS,OPERATIVO,40.37182469,-3.62600807,CALLE,PUERTO DE PORZUNA,41
9558173,ENSANCHE DE VALLECAS,VILLA DE VALLECAS,OPERATIVO,40.36150532,-3.58835656,AVENIDA,LAS SUERTES,112
9561224,EL GOLOSO,FUENCARRAL-EL PARDO,OPERATIVO,40.50570252,-3.69654015,AVENIDA,MONASTERIO DE EL ESCORIAL,60
9566587,DELICIAS,ARGANZUELA,OPERATIVO,40.39610280,-3.69116459,CALLE,JUAN DE VERA,31
9566602,SAN ISIDRO,CARABANCHEL,OPERATIVO,40.39467072,-3.73182043,CALLE,FAROLILLO,3
9566606,OPAÑEL,CARABANCHEL,OPERATIVO,40.39259140,-3.72315738,PLAZA,CANTORIA,1
9578829,EL CAÑAVERAL,VICALVARO,OPERATIVO,40.39800214,-3.54684970,CALLE,PILAR BELLOSILLO,11
9583624,BUENAVISTA,CARABANCHEL,OPERATIVO,40.36550940,-3.75170533,CALLE,PROVISIONAL COCHERAS BUENAVISTA DOS,7
9583625,BUENAVISTA,CARABANCHEL,OPERATIVO,40.36540383,-3.75074958,CALLE,PROVISIONAL COCHERAS BUENAVISTA UNO,10
9590353,EL CAÑAVERAL,VICALVARO,OPERATIVO,40.40596239,-3.55465676,CALLE,ALOE VERA,2
9590749,EL CAÑAVERAL,VICALVARO,OPERATIVO,40.40542998,-3.56468341,CALLE,IMPERIO ARGENTINA,4
9591753,LOS CARMENES,LATINA,OPERATIVO,40.40458201,-3.72793540,AVENIDA,CAPRICHOS,3
9607782,PEÑAGRANDE,FUENCARRAL-EL PARDO,OPERATIVO,40.48130544,-3.73272840,CALLE,LEOPOLDO ALAS CLARIN,47
9620334,PORTAZGO,PUENTE DE VALLECAS,OPERATIVO,40.39461679,-3.64662530,CALLE,BENJAMIN PALENCIA,27
9665419,ACACIAS,ARGANZUELA,OPERATIVO,40.40010377,-3.70896500,CALLE,MELILLA,51 A
9667162,ALUCHE,LATINA,OPERATIVO,40.39514457,-3.76670718,CALLE,ESCALONA,90
9689879,ARGÜELLES,MONCLOA-ARAVACA,OPERATIVO,40.42507133,-3.71508786,CALLE,JUAN ALVAREZ MENDIZABAL,20
9697956,CASCO HISTORICO DE VALLECAS,VILLA DE VALLECAS,OPERATIVO,40.36648351,-3.62811571,Avda,Mayorazgo,26
9697959,CASCO HISTORICO DE VALLECAS,VILLA DE VALLECAS,OPERATIVO,40.36512946,-3.62332547,Avda,Mayorazgo,26
9697962,CASCO HISTORICO DE VALLECAS,VILLA DE VALLECAS,OPERATIVO,40.36476436,-3.63249030,Avda,Mayorazgo,26
9697988,TRES CANTOS,OTROS MUNICIPIOS,OPERATIVO,40.59195449,-3.71347568,CARRETERA,Carretera M-607,2100
9577927,PILAR,FUENCARRAL-EL PARDO,OPERATIVO,40.47249115,-3.71012109,CALLE,RIBADAVIA,9 B
9578764,EL CAÑAVERAL,VICALVARO,OPERATIVO,40.40418351,-3.55764495,AVENIDA,MIGUEL DELIBES,95
9578816,CUATRO VIENTOS,LATINA,OPERATIVO,40.36598326,-3.76346091,CALLE,LONJA DE LA SEDA,43
9578819,EL CAÑAVERAL,VICALVARO,OPERATIVO,40.40560685,-3.54929032,CALLE,CERRO DEL CAMPO,41
9579616,MIRASIERRA,FUENCARRAL-EL PARDO,OPERATIVO,40.49093796,-3.71656163,AVENIDA,VENTISQUERO DE LA CONDESA,39
9583617,LEGAZPI,ARGANZUELA,OPERATIVO,40.38731785,-3.69461926,CALLE,TERESA LOPEZ VALCARCEL,17
9583618,PALOS DE LA FRONTERA,ARGANZUELA,OPERATIVO,40.40106480,-3.69059098,CALLE,GENERAL LACY,23
9583623,BUENAVISTA,CARABANCHEL,OPERATIVO,40.36603778,-3.75181784,CALLE,PROVISIONAL COCHERAS BUENAVISTA DOS,3
9590758,EL CAÑAVERAL,VICALVARO,OPERATIVO,40.40254053,-3.55899195,CALLE,IMPERIO ARGENTINA,71
9590780,EL CAÑAVERAL,VICALVARO,OPERATIVO,40.39658489,-3.55432889,CALLE,ANNA FRANK,1
9591247,HISPANOAMERICA,CHAMARTIN,OPERATIVO,40.45433152,-3.67233600,CALLE,VICTOR DE LA SERNA,19
9605661,VENTAS,CIUDAD LINEAL,OPERATIVO,40.42494780,-3.65259008,AVENIDA,MARQUES DE CORBERA,38
9605861,PEÑAGRANDE,FUENCARRAL-EL PARDO,OPERATIVO,40.48495423,-3.72282990,CALLE,RISCOS DE POLANCO,3
9616959,JUSTICIA,CENTRO,OPERATIVO,40.42792895,-3.69913089,CALLE,SERRANO ANGUITA,18
9620547,ENTREVIAS,PUENTE DE VALLECAS,OPERATIVO,40.37434933,-3.66813872,CALLE,ANDEVALO,6
9621070,VENTAS,CIUDAD LINEAL,OPERATIVO,40.42364417,-3.65072307,CALLE,POETA BLAS DE OTERO,66
9632264,PALOMERAS BAJAS,PUENTE DE VALLECAS,OPERATIVO,40.38570436,-3.65576617,CALLE,SAN ANSELMO,8
9632319,PALOMERAS BAJAS,PUENTE DE VALLECAS,FUERA_DE_SERVICIO,40.38621446,-3.65385311,CALLE,PUERTO DE CORLITE,7
9636549,ENTREVIAS,PUENTE DE VALLECAS,OPERATIVO,40.37617055,-3.66587950,CALLE,CAZORLA,79
9636692,AGUILAS,LATINA,OPERATIVO,40.38407585,-3.77879097,CALLE,FRAY JOSE CERDEIRIÑA,51
9666271,AGUILAS,LATINA,OPERATIVO,40.38128758,-3.76550564,CALLE,FUERTE DE NAVIDAD,7
9667671,LUCERO,LATINA,OPERATIVO,40.40022995,-3.75440669,CALLE,CONCEJAL FRANCISCO JOSE JIMENEZ MARTIN,170
9690822,LOS ROSALES,VILLAVERDE,OPERATIVO,40.35720711,-3.68378677,CALLE,AUGUSTOBRIGA,8
9690871,VILLAVERDE ALTO - CASCO HISTORICO DE VILLAVERDE,VILLAVERDE,OPERATIVO,40.35014226,-3.70453956,CALLE,SAN JENARO,1 B
9697955,CASCO HISTORICO DE VALLECAS,VILLA DE VALLECAS,OPERATIVO,40.36714230,-3.62880970,Avda,Mayorazgo,26
9697957,CASCO HISTORICO DE VALLECAS,VILLA DE VALLECAS,OPERATIVO,40.36661615,-3.62727722,Avda,Mayorazgo,26
9697958,CASCO HISTORICO DE VALLECAS,VILLA DE VALLECAS,OPERATIVO,40.36455606,-3.62844198,Avda,Mayorazgo,26
9697960,CASCO HISTORICO DE VALLECAS,VILLA DE VALLECAS,OPERATIVO,40.36391163,-3.62296321,Avda,Mayorazgo,26
9697961,CASCO HISTORICO DE VALLECAS,VILLA DE VALLECAS,OPERATIVO,40.36385442,-3.62902254,Avda,Mayorazgo,26
9697963,CASCO HISTORICO DE VALLECAS,VILLA DE VALLECAS,OPERATIVO,40.36565402,-3.63156615,Avda,Mayorazgo,26
9873460,PUERTA BONITA,CARABANCHEL,OPERATIVO,40.37616653,-3.73693224,CALLE,ANCIU,6
9697989,TRES CANTOS,OTROS MUNICIPIOS,OPERATIVO,40.58974576,-3.71444280,CARRETERA,Carretera M-607,2100
9987724,SIMANCAS,SAN BLAS-CANILLEJAS,FUERA_DE_SERVICIO,40.42937556,-3.63071361,CALLE,LLANES,6
